exhibit,row,col,file,y,cond,kernel,bwselect,masspts,version,N,h_l,h_r,b_l,b_r,tau_cl,se_cl,tau_bc,se_rb,N_h_l,N_h_r,bw_source
T1,tfpop_s,1,T1_Baseline/tfp_small_QJE_final.dta,tfpop_s,neg_ind0==1,tri,mserd,off,statspai_native,6224,3.752599722107841,3.752599722107841,6.228671746285727,6.228671746285727,0.22918962692051803,0.5794005691998599,0.3332095713868579,0.6945265628965414,719,347,
T1,tfpop_s,1,T1_Baseline/tfp_small_QJE_final.dta,tfpop_s,neg_ind0==1,tri,mserd,off,statspai_matched,6224,4.203420700473325,4.203420700473325,6.294463372175987,6.294463372175987,0.34286002324818377,0.5740766776818792,0.47403989800728663,0.7028237895508125,763,379,rdrobust_py_masspoints_off
T1,tfpop_s,2,T1_Baseline/tfp_small_QJE_final.dta,tfpop_s,neg_ind0==1,epa,mserd,off,statspai_native,6224,3.8828763752605258,3.8828763752605258,6.679951840006447,6.679951840006447,0.36547303653158636,0.593239171601918,0.5321801405122724,0.7219557310200158,736,364,
T1,tfpop_s,2,T1_Baseline/tfp_small_QJE_final.dta,tfpop_s,neg_ind0==1,epa,mserd,off,statspai_matched,6224,3.8891219234407943,3.8891219234407943,6.308761711192553,6.308761711192553,0.36819258956312595,0.5935485153188645,0.5433172136860822,0.7347922660137732,738,364,rdrobust_py_masspoints_off
T1,tfpop_s,3,T1_Baseline/tfp_small_QJE_final.dta,tfpop_s,neg_ind0==1,uni,mserd,off,statspai_native,6224,4.695805229142651,4.695805229142651,7.875308327020926,7.875308327020926,0.4212072901291499,0.535599216118598,0.5775412079616267,0.6258118099226754,858,384,
T1,tfpop_s,3,T1_Baseline/tfp_small_QJE_final.dta,tfpop_s,neg_ind0==1,uni,mserd,off,statspai_matched,6224,3.6220270873605585,3.6220270873605585,6.684480847771381,6.684480847771381,0.3219681003686894,0.5609654738936334,0.4364424482671314,0.6369264568622672,647,339,rdrobust_py_masspoints_off
T1,tfpop_s,4,T1_Baseline/tfp_small_QJE_final.dta,tfpop_s,neg_ind0==0,tri,mserd,off,statspai_native,11502,4.725544996901992,4.725544996901992,8.353144657493884,8.353144657493884,0.07204289381580331,0.18833010689914106,0.11607676570460779,0.20339106155323594,1856,968,
T1,tfpop_s,4,T1_Baseline/tfp_small_QJE_final.dta,tfpop_s,neg_ind0==0,tri,mserd,off,statspai_matched,11502,5.886867421522644,5.886867421522644,8.935919338909288,8.935919338909288,-0.028305786342116335,0.15373806882759705,0.0019567780447466987,0.18282029568413594,2347,1613,rdrobust_py_masspoints_off
T1,tfpop_s,5,T1_Baseline/tfp_small_QJE_final.dta,tfpop_s,neg_ind0==0,epa,mserd,off,statspai_native,11502,4.843737293578675,4.843737293578675,8.307355507716672,8.307355507716672,0.06040353924659492,0.1850363565823872,0.10322704908647573,0.20186363514604905,1902,986,
T1,tfpop_s,5,T1_Baseline/tfp_small_QJE_final.dta,tfpop_s,neg_ind0==0,epa,mserd,off,statspai_matched,11502,5.168246774097312,5.168246774097312,8.407640772273622,8.407640772273622,0.03747409681676395,0.1767357932956987,0.07913030354830575,0.19663744812479944,2020,1135,rdrobust_py_masspoints_off
T1,tfpop_s,6,T1_Baseline/tfp_small_QJE_final.dta,tfpop_s,neg_ind0==0,uni,mserd,off,statspai_native,11502,4.213808076286273,4.213808076286273,8.470906334184479,8.470906334184479,0.01937012558874862,0.1839258139589089,-0.030396060400862623,0.1921056257155133,1664,937,
T1,tfpop_s,6,T1_Baseline/tfp_small_QJE_final.dta,tfpop_s,neg_ind0==0,uni,mserd,off,statspai_matched,11502,4.521694031165699,4.521694031165699,8.069487910818808,8.069487910818808,0.009294964216161716,0.18194419697384567,-0.00044953351048881984,0.1858247634501297,1734,957,rdrobust_py_masspoints_off
T1,resid1_tfpop_s,1,T1_Baseline/tfp_small_QJE_final.dta,resid1_tfpop_s,neg_ind0==1,tri,mserd,off,statspai_native,5890,5.634539919399895,5.634539919399895,8.552914644678328,8.552914644678328,0.36389637246050077,0.16907999764674153,0.36589973383117336,0.19314303824985016,1020,496,
T1,resid1_tfpop_s,1,T1_Baseline/tfp_small_QJE_final.dta,resid1_tfpop_s,neg_ind0==1,tri,mserd,off,statspai_matched,5890,5.723040554343252,5.723040554343252,8.005733999834423,8.005733999834423,0.3645140245944086,0.16696839973601132,0.36083485932839726,0.1985182327418851,1035,615,rdrobust_py_masspoints_off
T1,resid1_tfpop_s,2,T1_Baseline/tfp_small_QJE_final.dta,resid1_tfpop_s,neg_ind0==1,epa,mserd,off,statspai_native,5890,5.892577252671945,5.892577252671945,8.416095289269341,8.416095289269341,0.36112268142399606,0.14980711511236722,0.37509353370162535,0.1865720226158134,1053,762,
T1,resid1_tfpop_s,2,T1_Baseline/tfp_small_QJE_final.dta,resid1_tfpop_s,neg_ind0==1,epa,mserd,off,statspai_matched,5890,5.52342804874685,5.52342804874685,7.94013755799635,7.94013755799635,0.38499928559463475,0.16648876552078876,0.38989190797884843,0.20018037628250096,998,492,rdrobust_py_masspoints_off
T1,resid1_tfpop_s,3,T1_Baseline/tfp_small_QJE_final.dta,resid1_tfpop_s,neg_ind0==1,uni,mserd,off,statspai_native,5890,5.344486227464142,5.344486227464142,8.383377232851197,8.383377232851197,0.37723999546013187,0.15284985194690054,0.39802409017593976,0.18467864378790427,976,471,
T1,resid1_tfpop_s,3,T1_Baseline/tfp_small_QJE_final.dta,resid1_tfpop_s,neg_ind0==1,uni,mserd,off,statspai_matched,5890,5.1443505071778715,5.1443505071778715,7.677359920693647,7.677359920693647,0.3372377859858562,0.1546058528843089,0.336597305905104,0.19107773432585057,922,464,rdrobust_py_masspoints_off
T1,resid1_tfpop_s,4,T1_Baseline/tfp_small_QJE_final.dta,resid1_tfpop_s,neg_ind0==0,tri,mserd,off,statspai_native,11536,5.716276897259834,5.716276897259834,9.726619017073748,9.726619017073748,0.03807938546170819,0.08809108558427618,0.027537078403865725,0.10648966741406851,2342,1379,
T1,resid1_tfpop_s,4,T1_Baseline/tfp_small_QJE_final.dta,resid1_tfpop_s,neg_ind0==0,tri,mserd,off,statspai_matched,11536,5.890298108629047,5.890298108629047,9.134047608464252,9.134047608464252,0.03351316122019204,0.08709467412786136,0.0240601798953146,0.10945105471670452,2358,1619,rdrobust_py_masspoints_off
T1,resid1_tfpop_s,5,T1_Baseline/tfp_small_QJE_final.dta,resid1_tfpop_s,neg_ind0==0,epa,mserd,off,statspai_native,11536,5.863868370684025,5.863868370684025,10.200983602320111,10.200983602320111,0.021201679230577877,0.09095307481259117,0.002948441444565089,0.10984638883327309,2358,1613,
T1,resid1_tfpop_s,5,T1_Baseline/tfp_small_QJE_final.dta,resid1_tfpop_s,neg_ind0==0,epa,mserd,off,statspai_matched,11536,5.478693961891476,5.478693961891476,9.2054680439923,9.2054680439923,0.036563636182644896,0.09281180720238613,0.0182491708061173,0.11345845405423872,2250,1263,rdrobust_py_masspoints_off
T1,resid1_tfpop_s,6,T1_Baseline/tfp_small_QJE_final.dta,resid1_tfpop_s,neg_ind0==0,uni,mserd,off,statspai_native,11536,4.491316617103299,4.491316617103299,9.100693587834614,9.100693587834614,0.03508388537628133,0.10243550537756757,0.010105077168888352,0.11423265574415314,1741,962,
T1,resid1_tfpop_s,6,T1_Baseline/tfp_small_QJE_final.dta,resid1_tfpop_s,neg_ind0==0,uni,mserd,off,statspai_matched,11536,6.0913255710764105,6.0913255710764105,9.922320579119022,9.922320579119022,-0.02440596300497186,0.08955489553679175,-0.04653159063128115,0.11530336313051147,2678,1681,rdrobust_py_masspoints_off
T1,resid2_tfpop_s,1,T1_Baseline/tfp_small_QJE_final.dta,resid2_tfpop_s,neg_ind0==1,tri,mserd,off,statspai_native,5836,3.747597942897523,3.747597942897523,6.040538442968771,6.040538442968771,0.24452982027724457,0.1555895218779577,0.21797917466043004,0.17702342941344948,688,321,
T1,resid2_tfpop_s,1,T1_Baseline/tfp_small_QJE_final.dta,resid2_tfpop_s,neg_ind0==1,tri,mserd,off,statspai_matched,5836,4.495776153143799,4.495776153143799,6.29957735546736,6.29957735546736,0.2746028830105231,0.14761322541428226,0.247239039811528,0.1749363903144895,763,352,rdrobust_py_masspoints_off
T1,resid2_tfpop_s,2,T1_Baseline/tfp_small_QJE_final.dta,resid2_tfpop_s,neg_ind0==1,epa,mserd,off,statspai_native,5836,3.9020900429529863,3.9020900429529863,6.002963374319793,6.002963374319793,0.27011257759920865,0.15002770050354217,0.2414059426072389,0.17745347946440113,718,338,
T1,resid2_tfpop_s,2,T1_Baseline/tfp_small_QJE_final.dta,resid2_tfpop_s,neg_ind0==1,epa,mserd,off,statspai_matched,5836,4.332502274765595,4.332502274765595,6.285200245956942,6.285200245956942,0.294323517008927,0.1454615568548467,0.27316470685702365,0.17730406803102094,728,351,rdrobust_py_masspoints_off
T1,resid2_tfpop_s,3,T1_Baseline/tfp_small_QJE_final.dta,resid2_tfpop_s,neg_ind0==1,uni,mserd,off,statspai_native,5836,4.921751978777028,4.921751978777028,7.195745616697156,7.195745616697156,0.32369326585875163,0.11446504472987899,0.32317548272979824,0.15281973202192228,856,432,
T1,resid2_tfpop_s,3,T1_Baseline/tfp_small_QJE_final.dta,resid2_tfpop_s,neg_ind0==1,uni,mserd,off,statspai_matched,5836,4.688706583212716,4.688706583212716,7.069790345706004,7.069790345706004,0.2899623142662297,0.13669431088728998,0.2914367760556091,0.1643806500753883,818,354,rdrobust_py_masspoints_off
T1,resid2_tfpop_s,4,T1_Baseline/tfp_small_QJE_final.dta,resid2_tfpop_s,neg_ind0==0,tri,mserd,off,statspai_native,11002,5.084699560900426,5.084699560900426,8.856701357557155,8.856701357557155,0.05774072929172448,0.06364835549609925,0.05164105708464056,0.07413179794601976,1896,1012,
T1,resid2_tfpop_s,4,T1_Baseline/tfp_small_QJE_final.dta,resid2_tfpop_s,neg_ind0==0,tri,mserd,off,statspai_matched,11002,5.692103416144121,5.692103416144121,8.916452325504123,8.916452325504123,0.02184910450473182,0.061451366631916714,0.012351378828171666,0.07579944272475521,2243,1228,rdrobust_py_masspoints_off
T1,resid2_tfpop_s,5,T1_Baseline/tfp_small_QJE_final.dta,resid2_tfpop_s,neg_ind0==0,epa,mserd,off,statspai_native,11002,5.136462300367868,5.136462300367868,9.54350989868205,9.54350989868205,0.043595498697333354,0.06500045777132107,0.02545738263546926,0.07544563198503705,1902,1091,
T1,resid2_tfpop_s,5,T1_Baseline/tfp_small_QJE_final.dta,resid2_tfpop_s,neg_ind0==0,epa,mserd,off,statspai_matched,11002,5.204112636360795,5.204112636360795,8.850493940407924,8.850493940407924,0.038820063738728636,0.06497760446702976,0.023345632416631935,0.07764962155324737,2048,1091,rdrobust_py_masspoints_off
T1,resid2_tfpop_s,6,T1_Baseline/tfp_small_QJE_final.dta,resid2_tfpop_s,neg_ind0==0,uni,mserd,off,statspai_native,11002,3.8415756304431827,3.8415756304431827,8.259187772389703,8.259187772389703,0.06506018156398999,0.07228680724103707,0.040077248776146504,0.07972866666397181,1528,807,
T1,resid2_tfpop_s,6,T1_Baseline/tfp_small_QJE_final.dta,resid2_tfpop_s,neg_ind0==0,uni,mserd,off,statspai_matched,11002,4.4303895678880885,4.4303895678880885,8.217393076002036,8.217393076002036,0.03494360630977057,0.06935076546954651,0.004925251454089952,0.08027421451658165,1653,912,rdrobust_py_masspoints_off
T3,resid1_lrze,1,T3_Channels/channels_QJE_final.dta,resid1_lrze,neg_ind0==1,tri,mserd,off,statspai_native,5520,4.7276748241039215,4.7276748241039215,8.519445217328647,8.519445217328647,331.60558079340086,531.8253982895445,249.670363595014,594.3830720527684,758,330,
T3,resid1_lrze,1,T3_Channels/channels_QJE_final.dta,resid1_lrze,neg_ind0==1,tri,mserd,off,statspai_matched,5520,5.81964986119979,5.81964986119979,9.231232246788384,9.231232246788384,478.5929556962391,470.4947379887125,378.1912063942451,551.9261024961063,958,715,rdrobust_py_masspoints_off
T3,resid1_lrze,2,T3_Channels/channels_QJE_final.dta,resid1_lrze,neg_ind0==1,epa,mserd,off,statspai_native,5520,4.929803735554929,4.929803735554929,8.405746166263402,8.405746166263402,338.5370183787585,550.1042719971831,226.4547585100936,627.6915837843812,786,392,
T3,resid1_lrze,2,T3_Channels/channels_QJE_final.dta,resid1_lrze,neg_ind0==1,epa,mserd,off,statspai_matched,5520,5.257214537124806,5.257214537124806,8.73389494969761,8.73389494969761,441.1796479323323,524.3446050461976,343.92993811909287,607.9111663303302,879,412,rdrobust_py_masspoints_off
T3,resid1_lrze,3,T3_Channels/channels_QJE_final.dta,resid1_lrze,neg_ind0==1,uni,mserd,off,statspai_native,5520,4.87567257645342,4.87567257645342,8.160861096563043,8.160861096563043,603.2127377935916,548.1442234620514,484.80575653029473,627.3492546589957,786,377,
T3,resid1_lrze,3,T3_Channels/channels_QJE_final.dta,resid1_lrze,neg_ind0==1,uni,mserd,off,statspai_matched,5520,3.4508203971222806,3.4508203971222806,6.795413881154215,6.795413881154215,693.7635437437043,595.4939955926467,511.3122562443,597.3553568388849,552,257,rdrobust_py_masspoints_off
T3,resid1_lrze,4,T3_Channels/channels_Pre_QJE_final.dta,resid1_lrze,neg_ind0==1,tri,mserd,off,statspai_native,2282,6.095888896920731,6.095888896920731,9.74372484664032,9.74372484664032,78.89212637790712,408.18513935374386,121.50275146685794,491.9033844969318,475,314,
T3,resid1_lrze,4,T3_Channels/channels_Pre_QJE_final.dta,resid1_lrze,neg_ind0==1,tri,mserd,off,statspai_matched,2282,7.402782747033759,7.402782747033759,11.298208278905745,11.298208278905745,-99.53474526624598,386.84002599849583,-207.19101173919586,481.7510897790096,623,451,rdrobust_py_masspoints_off
T3,resid1_lrze,5,T3_Channels/channels_Pre_QJE_final.dta,resid1_lrze,neg_ind0==1,epa,mserd,off,statspai_native,2282,5.855704832969425,5.855704832969425,9.499626187292154,9.499626187292154,50.02945738633059,416.52824105940454,75.84436065011505,510.0543144404186,441,292,
T3,resid1_lrze,5,T3_Channels/channels_Pre_QJE_final.dta,resid1_lrze,neg_ind0==1,epa,mserd,off,statspai_matched,2282,6.564101855976336,6.564101855976336,10.559286520166662,10.559286520166662,-131.59091854479982,410.51482377632107,-233.59930392923837,511.1638279516948,525,368,rdrobust_py_masspoints_off
T3,resid1_lrze,6,T3_Channels/channels_Pre_QJE_final.dta,resid1_lrze,neg_ind0==1,uni,mserd,off,statspai_native,2282,4.925200295633647,4.925200295633647,8.128753142132226,8.128753142132226,99.05627623041897,442.218242270496,91.60166365315035,539.6007224173017,348,199,
T3,resid1_lrze,6,T3_Channels/channels_Pre_QJE_final.dta,resid1_lrze,neg_ind0==1,uni,mserd,off,statspai_matched,2282,4.641289238109104,4.641289238109104,7.977027047376265,7.977027047376265,293.73488041304995,494.1934052533765,250.92009417785607,577.4844520473802,331,166,rdrobust_py_masspoints_off
T3,resid1_lnv,1,T3_Channels/channels_QJE_final.dta,resid1_lnv,neg_ind0==1,tri,mserd,off,statspai_native,5520,6.084119264081686,6.084119264081686,9.617184108134126,9.617184108134126,-0.0183016007937528,0.21074028309221088,-0.0668604463032508,0.2452420744801245,1025,762,
T3,resid1_lnv,1,T3_Channels/channels_QJE_final.dta,resid1_lnv,neg_ind0==1,tri,mserd,off,statspai_matched,5520,7.427254213006978,7.427254213006978,10.38909076275616,10.38909076275616,0.045220136506874536,0.1867873583312033,-0.007130780763481032,0.2269668695098432,1395,1158,rdrobust_py_masspoints_off
T3,resid1_lnv,2,T3_Channels/channels_QJE_final.dta,resid1_lnv,neg_ind0==1,epa,mserd,off,statspai_native,5520,6.748879731367296,6.748879731367296,9.590875998944338,9.590875998944338,0.052106168531489916,0.19179284471860258,0.004369959590160538,0.23510062406382656,1130,996,
T3,resid1_lnv,2,T3_Channels/channels_QJE_final.dta,resid1_lnv,neg_ind0==1,epa,mserd,off,statspai_matched,5520,7.175744053977564,7.175744053977564,10.137983592735512,10.137983592735512,0.0724794023181117,0.18647193704479162,0.032952339185016014,0.22897436615125172,1342,1107,rdrobust_py_masspoints_off
T3,resid1_lnv,3,T3_Channels/channels_QJE_final.dta,resid1_lnv,neg_ind0==1,uni,mserd,off,statspai_native,5520,7.137406021526788,7.137406021526788,10.07206977806031,10.07206977806031,0.10854903483226358,0.17600146897437446,0.07998334774957944,0.23414694606142947,1342,1107,
T3,resid1_lnv,3,T3_Channels/channels_QJE_final.dta,resid1_lnv,neg_ind0==1,uni,mserd,off,statspai_matched,5520,6.617314444390193,6.617314444390193,10.176941206566,10.176941206566,0.11226794519230837,0.18365114838851024,0.06972872196710736,0.22644128479561906,1106,988,rdrobust_py_masspoints_off
T3,resid1_lnv,4,T3_Channels/channels_Pre_QJE_final.dta,resid1_lnv,neg_ind0==1,tri,mserd,off,statspai_native,2272,3.9953627789463177,3.9953627789463177,7.765537393941827,7.765537393941827,-0.14960230521274048,0.1357322376354353,-0.1843091908408365,0.15511528890845083,289,161,
T3,resid1_lnv,4,T3_Channels/channels_Pre_QJE_final.dta,resid1_lnv,neg_ind0==1,tri,mserd,off,statspai_matched,2272,4.989945540316239,4.989945540316239,8.649907856146317,8.649907856146317,-0.08910879833488508,0.12967750726250576,-0.11044382014073229,0.15211537535927935,350,197,rdrobust_py_masspoints_off
T3,resid1_lnv,5,T3_Channels/channels_Pre_QJE_final.dta,resid1_lnv,neg_ind0==1,epa,mserd,off,statspai_native,2272,4.293937802611768,4.293937802611768,8.094825488494498,8.094825488494498,-0.10095518425020557,0.13934381370358437,-0.12604184168056162,0.15969425850564162,291,162,
T3,resid1_lnv,5,T3_Channels/channels_Pre_QJE_final.dta,resid1_lnv,neg_ind0==1,epa,mserd,off,statspai_matched,2272,4.698995011313043,4.698995011313043,8.44138738717373,8.44138738717373,-0.07296558299214141,0.13850025449868192,-0.08950641216435878,0.16034440498719202,324,165,rdrobust_py_masspoints_off
T3,resid1_lnv,6,T3_Channels/channels_Pre_QJE_final.dta,resid1_lnv,neg_ind0==1,uni,mserd,off,statspai_native,2272,5.62367877195493,5.62367877195493,9.374503600727234,9.374503600727234,0.12050775815882951,0.15326380915983745,0.12954978807687723,0.18014565458320622,423,223,
T3,resid1_lnv,6,T3_Channels/channels_Pre_QJE_final.dta,resid1_lnv,neg_ind0==1,uni,mserd,off,statspai_matched,2272,4.829280730197615,4.829280730197615,9.027953614067608,9.027953614067608,0.02222664036693396,0.15505095752607578,0.03388503577474236,0.1786237291985593,330,169,rdrobust_py_masspoints_off
T3,resid1_lnl,1,T3_Channels/channels_QJE_final.dta,resid1_lnl,neg_ind0==1,tri,mserd,off,statspai_native,5473,5.109269881817653,5.109269881817653,9.263476367953453,9.263476367953453,-0.39631410805014183,0.20342075499863882,-0.43376423973583034,0.24457364464907122,811,395,
T3,resid1_lnl,1,T3_Channels/channels_QJE_final.dta,resid1_lnl,neg_ind0==1,tri,mserd,off,statspai_matched,5473,6.500031303627627,6.500031303627627,9.833537593616525,9.833537593616525,-0.22246411527867413,0.16364801232587636,-0.27206712302931235,0.20675262293852079,1050,824,rdrobust_py_masspoints_off
T3,resid1_lnl,2,T3_Channels/channels_QJE_final.dta,resid1_lnl,neg_ind0==1,epa,mserd,off,statspai_native,5473,5.447400942726827,5.447400942726827,9.27665551530762,9.27665551530762,-0.351726903964525,0.18645626042855232,-0.39261495622238773,0.2314785431660096,895,432,
T3,resid1_lnl,2,T3_Channels/channels_QJE_final.dta,resid1_lnl,neg_ind0==1,epa,mserd,off,statspai_matched,5473,6.472954339295691,6.472954339295691,9.773444965998785,9.773444965998785,-0.18962314666262509,0.1579211356760946,-0.22794923260931454,0.20066143206253134,1050,820,rdrobust_py_masspoints_off
T3,resid1_lnl,3,T3_Channels/channels_QJE_final.dta,resid1_lnl,neg_ind0==1,uni,mserd,off,statspai_native,5473,6.145100497144782,6.145100497144782,9.692757479314395,9.692757479314395,-0.10841617806387915,0.15552439237972676,-0.1514957381863989,0.19606091620878482,1021,759,
T3,resid1_lnl,3,T3_Channels/channels_QJE_final.dta,resid1_lnl,neg_ind0==1,uni,mserd,off,statspai_matched,5473,5.810151327160987,5.810151327160987,9.196748170929927,9.196748170929927,-0.09097128752414824,0.15525627095628802,-0.08295504624806874,0.20110042963992253,943,714,rdrobust_py_masspoints_off
T3,resid1_lnl,4,T3_Channels/channels_Pre_QJE_final.dta,resid1_lnl,neg_ind0==1,tri,mserd,off,statspai_native,2259,5.366898043460589,5.366898043460589,9.516155351143295,9.516155351143295,-0.29281578003075653,0.2556925374741249,-0.3528240293942999,0.2922681335295812,396,205,
T3,resid1_lnl,4,T3_Channels/channels_Pre_QJE_final.dta,resid1_lnl,neg_ind0==1,tri,mserd,off,statspai_matched,2259,7.796703605168481,7.796703605168481,10.784058896144579,10.784058896144579,-0.007220167809475632,0.1938823533351305,-0.07371014105402529,0.24538203859018215,646,461,rdrobust_py_masspoints_off
T3,resid1_lnl,5,T3_Channels/channels_Pre_QJE_final.dta,resid1_lnl,neg_ind0==1,epa,mserd,off,statspai_native,2259,6.600037114447062,6.600037114447062,10.233931075788357,10.233931075788357,-0.01842094725374236,0.2006183225974895,-0.07220487348390116,0.24561400824926796,514,365,
T3,resid1_lnl,5,T3_Channels/channels_Pre_QJE_final.dta,resid1_lnl,neg_ind0==1,epa,mserd,off,statspai_matched,2259,7.756109807580835,7.756109807580835,10.982092864381647,10.982092864381647,0.03987669644380609,0.1925256358340576,0.012143473063821408,0.24280108140035508,644,456,rdrobust_py_masspoints_off
T3,resid1_lnl,6,T3_Channels/channels_Pre_QJE_final.dta,resid1_lnl,neg_ind0==1,uni,mserd,off,statspai_native,2259,6.8818314452563705,6.8818314452563705,10.636232347035989,10.636232347035989,0.046370257806407834,0.1943633472037823,0.061988257404018476,0.24171345956906304,536,380,
T3,resid1_lnl,6,T3_Channels/channels_Pre_QJE_final.dta,resid1_lnl,neg_ind0==1,uni,mserd,off,statspai_matched,2259,6.318770868603906,6.318770868603906,9.88572375741317,9.88572375741317,0.08526673099816884,0.20190708115674225,0.05313838851102182,0.2475557037585362,482,327,rdrobust_py_masspoints_off
T3,resid1_lnk,1,T3_Channels/channels_QJE_final.dta,resid1_lnk,neg_ind0==1,tri,mserd,off,statspai_native,5380,5.6237513944549775,5.6237513944549775,9.396967582043727,9.396967582043727,-0.45318981652070955,0.276104602727778,-0.5010290357896068,0.3259436428054092,886,423,
T3,resid1_lnk,1,T3_Channels/channels_QJE_final.dta,resid1_lnk,neg_ind0==1,tri,mserd,off,statspai_matched,5380,6.929342722681626,6.929342722681626,9.91205799905004,9.91205799905004,-0.3992804567224463,0.22116463213640164,-0.4787452420385504,0.2831500283047961,1088,986,rdrobust_py_masspoints_off
T3,resid1_lnk,2,T3_Channels/channels_QJE_final.dta,resid1_lnk,neg_ind0==1,epa,mserd,off,statspai_native,5380,5.174597405092642,5.174597405092642,8.359522077518424,8.359522077518424,-0.45884556849573993,0.280058448848204,-0.5116242292987987,0.3435182309929544,807,401,
T3,resid1_lnk,2,T3_Channels/channels_QJE_final.dta,resid1_lnk,neg_ind0==1,epa,mserd,off,statspai_matched,5380,5.596682961364279,5.596682961364279,8.570813225247832,8.570813225247832,-0.4452843909861329,0.26783443574399834,-0.5043358179632317,0.33281344689544456,873,422,rdrobust_py_masspoints_off
T3,resid1_lnk,3,T3_Channels/channels_QJE_final.dta,resid1_lnk,neg_ind0==1,uni,mserd,off,statspai_native,5380,4.394316151107395,4.394316151107395,7.366549125103093,7.366549125103093,-0.45742775530814034,0.28770082271563346,-0.5068443965149948,0.36997593348781205,657,316,
T3,resid1_lnk,3,T3_Channels/channels_QJE_final.dta,resid1_lnk,neg_ind0==1,uni,mserd,off,statspai_matched,5380,4.003213180558237,4.003213180558237,7.091749506607422,7.091749506607422,-0.6090456570786286,0.2889727765822966,-0.6977513629104704,0.36055758759873663,633,305,rdrobust_py_masspoints_off
T3,resid1_lnk,4,T3_Channels/channels_Pre_QJE_final.dta,resid1_lnk,neg_ind0==1,tri,mserd,off,statspai_native,2271,6.239476250684752,6.239476250684752,9.693528499864826,9.693528499864826,-0.1300145654265931,0.22513990462403113,-0.11932573102142276,0.2712954611560018,490,327,
T3,resid1_lnk,4,T3_Channels/channels_Pre_QJE_final.dta,resid1_lnk,neg_ind0==1,tri,mserd,off,statspai_matched,2271,7.689767720049529,7.689767720049529,11.013891456597559,11.013891456597559,-0.09766820604181674,0.21233818540874913,-0.059654848476284494,0.26464550382867247,649,459,rdrobust_py_masspoints_off
T3,resid1_lnk,5,T3_Channels/channels_Pre_QJE_final.dta,resid1_lnk,neg_ind0==1,epa,mserd,off,statspai_native,2271,5.954491531084954,5.954491531084954,9.411631727127668,9.411631727127668,-0.10896072460570759,0.22801643856847317,-0.08252356260391122,0.2757019193252583,466,299,
T3,resid1_lnk,5,T3_Channels/channels_Pre_QJE_final.dta,resid1_lnk,neg_ind0==1,epa,mserd,off,statspai_matched,2271,6.386089642213073,6.386089642213073,9.699045315010748,9.699045315010748,-0.07800193061469538,0.2234380974340716,-0.040603895631250955,0.2763113139383678,492,346,rdrobust_py_masspoints_off
T3,resid1_lnk,6,T3_Channels/channels_Pre_QJE_final.dta,resid1_lnk,neg_ind0==1,uni,mserd,off,statspai_native,2271,5.606328302807412,5.606328302807412,9.247730074646423,9.247730074646423,-0.010804755826067325,0.23880258449186315,0.01619773172887856,0.28921996539774913,421,228,
T3,resid1_lnk,6,T3_Channels/channels_Pre_QJE_final.dta,resid1_lnk,neg_ind0==1,uni,mserd,off,statspai_matched,2271,4.781934221686839,4.781934221686839,8.45424514997095,8.45424514997095,-0.10298031765831771,0.2585722985046604,-0.04206954994803297,0.28944861931755933,330,171,rdrobust_py_masspoints_off
T3,resid1_lnm,1,T3_Channels/channels_QJE_final.dta,resid1_lnm,neg_ind0==1,tri,mserd,off,statspai_native,5540,4.436084101567899,4.436084101567899,7.43195226237881,7.43195226237881,-0.09590606929020766,0.26519514703358416,-0.11102476265634344,0.3025977667204131,690,326,
T3,resid1_lnm,1,T3_Channels/channels_QJE_final.dta,resid1_lnm,neg_ind0==1,tri,mserd,off,statspai_matched,5540,5.480027117073058,5.480027117073058,7.935859919149191,7.935859919149191,-0.04719610938193437,0.23692054874203838,-0.06802261665785922,0.2884533341960214,914,435,rdrobust_py_masspoints_off
T3,resid1_lnm,2,T3_Channels/channels_QJE_final.dta,resid1_lnm,neg_ind0==1,epa,mserd,off,statspai_native,5540,5.012086192414987,5.012086192414987,7.8594618288198355,7.8594618288198355,-0.05348639716918987,0.24230018689110933,-0.06862300587598347,0.2876436385138493,814,394,
T3,resid1_lnm,2,T3_Channels/channels_QJE_final.dta,resid1_lnm,neg_ind0==1,epa,mserd,off,statspai_matched,5540,5.136652777874403,5.136652777874403,7.648529597392633,7.648529597392633,-0.044940549618823586,0.23802062724961928,-0.062060842434953155,0.2887945159034489,830,413,rdrobust_py_masspoints_off
T3,resid1_lnm,3,T3_Channels/channels_QJE_final.dta,resid1_lnm,neg_ind0==1,uni,mserd,off,statspai_native,5540,7.000143642777565,7.000143642777565,9.412355834722899,9.412355834722899,-0.011586895062458594,0.17041443294544598,-0.019027106092832424,0.2197492095085947,1180,1070,
T3,resid1_lnm,3,T3_Channels/channels_QJE_final.dta,resid1_lnm,neg_ind0==1,uni,mserd,off,statspai_matched,5540,6.219246191787159,6.219246191787159,8.869319496418582,8.869319496418582,-0.045865506239120314,0.17846464160107844,-0.023360844520244173,0.21807457192562626,1056,776,rdrobust_py_masspoints_off
T3,resid1_lnm,4,T3_Channels/channels_Pre_QJE_final.dta,resid1_lnm,neg_ind0==1,tri,mserd,off,statspai_native,2274,5.732421191656442,5.732421191656442,9.630554099825053,9.630554099825053,-0.036636416690861845,0.1782605425994208,-0.05480019003732369,0.20844484558984855,433,253,
T3,resid1_lnm,4,T3_Channels/channels_Pre_QJE_final.dta,resid1_lnm,neg_ind0==1,tri,mserd,off,statspai_matched,2274,7.276214792092628,7.276214792092628,10.590111161715864,10.590111161715864,0.015222852568646417,0.16265976291214806,-0.027074931934857167,0.19375155436803423,604,444,rdrobust_py_masspoints_off
T3,resid1_lnm,5,T3_Channels/channels_Pre_QJE_final.dta,resid1_lnm,neg_ind0==1,epa,mserd,off,statspai_native,2274,6.322049323097534,6.322049323097534,10.170391108640047,10.170391108640047,0.024721569119469565,0.1649985393027774,0.0003946296599043747,0.19512072808893982,491,327,
T3,resid1_lnm,5,T3_Channels/channels_Pre_QJE_final.dta,resid1_lnm,neg_ind0==1,epa,mserd,off,statspai_matched,2274,6.87667186507785,6.87667186507785,10.76406924326732,10.76406924326732,0.023934012901869618,0.1620111394206245,-0.013297366225526533,0.1930701437274092,546,380,rdrobust_py_masspoints_off
T3,resid1_lnm,6,T3_Channels/channels_Pre_QJE_final.dta,resid1_lnm,neg_ind0==1,uni,mserd,off,statspai_native,2274,5.229093920788078,5.229093920788078,8.816740855686508,8.816740855686508,-0.00026015159119870124,0.17643182780140712,-0.007101647316513721,0.21501289720692096,393,206,
T3,resid1_lnm,6,T3_Channels/channels_Pre_QJE_final.dta,resid1_lnm,neg_ind0==1,uni,mserd,off,statspai_matched,2274,4.743019683977635,4.743019683977635,8.39321532519748,8.39321532519748,-0.000807704057667058,0.20085361226076046,0.04543898012733605,0.22869637617599306,327,166,rdrobust_py_masspoints_off
T3,resid1_lnv_l,1,T3_Channels/channels_QJE_final.dta,resid1_lnv_l,neg_ind0==1,tri,mserd,off,statspai_native,5540,6.4912149458112305,6.4912149458112305,9.437890682200226,9.437890682200226,0.08639075300772625,0.08350046302494384,0.08590846803424014,0.10112807860589644,1070,829,
T3,resid1_lnv_l,1,T3_Channels/channels_QJE_final.dta,resid1_lnv_l,neg_ind0==1,tri,mserd,off,statspai_matched,5540,7.790583984909969,7.790583984909969,10.40600699753843,10.40600699753843,0.07995131397013581,0.0762183016170853,0.08025927552432961,0.09645569037309021,1447,1181,rdrobust_py_masspoints_off
T3,resid1_lnv_l,2,T3_Channels/channels_QJE_final.dta,resid1_lnv_l,neg_ind0==1,epa,mserd,off,statspai_native,5540,6.8041907690331325,6.8041907690331325,9.387452867689175,9.387452867689175,0.08272023240722906,0.08048050372885404,0.08252743349794908,0.10316900998129225,1135,997,
T3,resid1_lnv_l,2,T3_Channels/channels_QJE_final.dta,resid1_lnv_l,neg_ind0==1,epa,mserd,off,statspai_matched,5540,7.339119801407051,7.339119801407051,10.157192147470202,10.157192147470202,0.08130924840432187,0.07710627228955852,0.0825894312238095,0.09931539614663155,1359,1158,rdrobust_py_masspoints_off
T3,resid1_lnv_l,3,T3_Channels/channels_QJE_final.dta,resid1_lnv_l,neg_ind0==1,uni,mserd,off,statspai_native,5540,6.515857962091749,6.515857962091749,9.19645198070089,9.19645198070089,0.05872642151342439,0.0768499658097287,0.044082998399438314,0.10011654212350209,1086,829,
T3,resid1_lnv_l,3,T3_Channels/channels_QJE_final.dta,resid1_lnv_l,neg_ind0==1,uni,mserd,off,statspai_matched,5540,6.009409376072998,6.009409376072998,9.326570242455558,9.326570242455558,0.05470407795794159,0.07743648933892912,0.028736384304753268,0.097993356579502,1024,731,rdrobust_py_masspoints_off
T3,resid1_lnv_l,4,T3_Channels/channels_Pre_QJE_final.dta,resid1_lnv_l,neg_ind0==1,tri,mserd,off,statspai_native,2276,4.418776683171663,4.418776683171663,6.839434424138508,6.839434424138508,-0.011381196921756223,0.06947960107423214,-0.015395478492984227,0.08135459317030576,315,163,
T3,resid1_lnv_l,4,T3_Channels/channels_Pre_QJE_final.dta,resid1_lnv_l,neg_ind0==1,tri,mserd,off,statspai_matched,2276,6.0267542732174375,6.0267542732174375,8.124945999502724,8.124945999502724,0.003548820275316323,0.055655411283682885,0.0020285111753989907,0.07196873756969041,469,299,rdrobust_py_masspoints_off
T3,resid1_lnv_l,5,T3_Channels/channels_Pre_QJE_final.dta,resid1_lnv_l,neg_ind0==1,epa,mserd,off,statspai_native,2276,5.022399363104042,5.022399363104042,7.6009982389776605,7.6009982389776605,0.01809742173224481,0.06419422939559509,0.01965655549284367,0.07651519177397606,358,197,
T3,resid1_lnv_l,5,T3_Channels/channels_Pre_QJE_final.dta,resid1_lnv_l,neg_ind0==1,epa,mserd,off,statspai_matched,2276,5.161514853869971,5.161514853869971,7.609481000741755,7.609481000741755,0.017115364361283032,0.06252436811522408,0.01877718295848228,0.07604368791642736,379,207,rdrobust_py_masspoints_off
T3,resid1_lnv_l,6,T3_Channels/channels_Pre_QJE_final.dta,resid1_lnv_l,neg_ind0==1,uni,mserd,off,statspai_native,2276,6.952836899777523,6.952836899777523,10.043480209139256,10.043480209139256,-0.007885452395854031,0.03892950266128331,-0.01117420747284354,0.052788609462922936,556,389,
T3,resid1_lnv_l,6,T3_Channels/channels_Pre_QJE_final.dta,resid1_lnv_l,neg_ind0==1,uni,mserd,off,statspai_matched,2276,5.7600280653441205,5.7600280653441205,9.105051955566571,9.105051955566571,0.006042519562167156,0.046127419539794934,0.009913247355564273,0.05967856711459651,442,255,rdrobust_py_masspoints_off
T3,resid1_lnv_k,1,T3_Channels/channels_QJE_final.dta,resid1_lnv_k,neg_ind0==1,tri,mserd,off,statspai_native,5532,4.506838145770668,4.506838145770668,7.393554825918054,7.393554825918054,0.2507544984253792,0.10776564554008249,0.24481021821946397,0.12389987943265783,696,327,
T3,resid1_lnv_k,1,T3_Channels/channels_QJE_final.dta,resid1_lnv_k,neg_ind0==1,tri,mserd,off,statspai_matched,5532,4.9246794363758655,4.9246794363758655,7.2804521404433045,7.2804521404433045,0.24968989497519872,0.10209150230434023,0.23940870651541013,0.12162107735065358,790,393,rdrobust_py_masspoints_off
T3,resid1_lnv_k,2,T3_Channels/channels_QJE_final.dta,resid1_lnv_k,neg_ind0==1,epa,mserd,off,statspai_native,5532,4.980148872065303,4.980148872065303,8.278473171775259,8.278473171775259,0.2672753212988527,0.09899643038647736,0.27600222117749695,0.123316953450097,806,394,
T3,resid1_lnv_k,2,T3_Channels/channels_QJE_final.dta,resid1_lnv_k,neg_ind0==1,epa,mserd,off,statspai_matched,5532,5.1933769501219835,5.1933769501219835,7.943532371625019,7.943532371625019,0.26575263288902773,0.09645288039806617,0.2710245877419456,0.12259214646341209,847,413,rdrobust_py_masspoints_off
T3,resid1_lnv_k,3,T3_Channels/channels_QJE_final.dta,resid1_lnv_k,neg_ind0==1,uni,mserd,off,statspai_native,5532,4.392060345680897,4.392060345680897,7.618636047680608,7.618636047680608,0.25508082715386793,0.1017009953557042,0.26976615666405046,0.13329246297900474,690,326,
T3,resid1_lnv_k,3,T3_Channels/channels_QJE_final.dta,resid1_lnv_k,neg_ind0==1,uni,mserd,off,statspai_matched,5532,4.2161061240445115,4.2161061240445115,6.7919310654530385,6.7919310654530385,0.2836753680636208,0.10381773461028279,0.28470754702321366,0.12319220065013628,667,325,rdrobust_py_masspoints_off
T3,resid1_lnv_k,4,T3_Channels/channels_Pre_QJE_final.dta,resid1_lnv_k,neg_ind0==1,tri,mserd,off,statspai_native,2274,5.127448535453981,5.127448535453981,8.96131598733379,8.96131598733379,0.05451481957522045,0.09419858627850676,0.04094493360309227,0.10715797919340228,370,199,
T3,resid1_lnv_k,4,T3_Channels/channels_Pre_QJE_final.dta,resid1_lnv_k,neg_ind0==1,tri,mserd,off,statspai_matched,2274,6.709811613707412,6.709811613707412,10.602711155580378,10.602711155580378,0.07272701752239193,0.08076392797349775,0.04322442826792433,0.09756148112145775,538,374,rdrobust_py_masspoints_off
T3,resid1_lnv_k,5,T3_Channels/channels_Pre_QJE_final.dta,resid1_lnv_k,neg_ind0==1,epa,mserd,off,statspai_native,2274,5.433290224564716,5.433290224564716,9.391500983212165,9.391500983212165,0.05960947644648808,0.09132061638286612,0.0407377736380779,0.10762477930823246,418,220,
T3,resid1_lnv_k,5,T3_Channels/channels_Pre_QJE_final.dta,resid1_lnv_k,neg_ind0==1,epa,mserd,off,statspai_matched,2274,5.893044492961937,5.893044492961937,9.90489902139657,9.90489902139657,0.06652791940304013,0.08704968966731476,0.042268299734804254,0.10478876640451992,444,295,rdrobust_py_masspoints_off
T3,resid1_lnv_k,6,T3_Channels/channels_Pre_QJE_final.dta,resid1_lnv_k,neg_ind0==1,uni,mserd,off,statspai_native,2274,5.425294764348121,5.425294764348121,10.025463226682207,10.025463226682207,0.09378817551107373,0.0929904755897241,0.05845616337657303,0.10899244135551878,418,220,
T3,resid1_lnv_k,6,T3_Channels/channels_Pre_QJE_final.dta,resid1_lnv_k,neg_ind0==1,uni,mserd,off,statspai_matched,2274,4.804463529841041,4.804463529841041,9.005373684847308,9.005373684847308,0.008390521726204442,0.09590706767436977,-0.004666451121352902,0.11304148764542589,338,170,rdrobust_py_masspoints_off
T4,resid1_hours,1,T4_Abatement/abatement_QJE_final.dta,resid1_hours,1,tri,mserd,off,statspai_native,7302,5.212960330111724,5.212960330111724,9.524335498641884,9.524335498641884,288.4748112375361,101.39482216299704,325.6542774993797,113.832187284078,1212,963,
T4,resid1_hours,1,T4_Abatement/abatement_QJE_final.dta,resid1_hours,1,tri,mserd,off,statspai_matched,7302,5.222363236471052,5.222363236471052,8.998894058089986,8.998894058089986,288.2961655497702,101.38295735361173,331.8298026824152,115.05210504881188,1223,965,rdrobust_py_masspoints_off
T4,resid1_hours,2,T4_Abatement/abatement_QJE_final.dta,resid1_hours,1,epa,mserd,off,statspai_native,7302,5.514651911929536,5.514651911929536,10.093812873860335,10.093812873860335,260.06397044440143,104.97422245531632,296.06213045337734,119.33798540199074,1315,1047,
T4,resid1_hours,2,T4_Abatement/abatement_QJE_final.dta,resid1_hours,1,epa,mserd,off,statspai_matched,7302,5.635544510121423,5.635544510121423,9.275204820636683,9.275204820636683,255.92554940475318,104.91493665493218,306.28137792195594,120.55448726047247,1350,1093,rdrobust_py_masspoints_off
T4,resid1_hours,3,T4_Abatement/abatement_QJE_final.dta,resid1_hours,1,uni,mserd,off,statspai_native,7302,4.924177045282914,4.924177045282914,9.461380948709909,9.461380948709909,237.84961819856557,110.41155542262241,266.8178193558233,126.63292984147377,1152,842,
T4,resid1_hours,3,T4_Abatement/abatement_QJE_final.dta,resid1_hours,1,uni,mserd,off,statspai_matched,7302,7.036843590302578,7.036843590302578,10.982543487056022,10.982543487056022,171.4511907872349,91.54509055746617,208.5786061235588,117.8925725297242,1763,1475,rdrobust_py_masspoints_off
T4,resid1_log_water,1,T4_Abatement/abatement_QJE_final.dta,resid1_log_water,1,tri,mserd,off,statspai_native,6606,3.2518190277918233,3.2518190277918233,6.613365679873748,6.613365679873748,0.6203589754719268,0.22972935154607987,0.7049565501078211,0.2618586256866399,636,358,
T4,resid1_log_water,1,T4_Abatement/abatement_QJE_final.dta,resid1_log_water,1,tri,mserd,off,statspai_matched,6606,3.164375186499037,3.164375186499037,6.189342876932579,6.189342876932579,0.6249698994123318,0.22757177808000803,0.6950555153144121,0.26262630155576194,636,346,rdrobust_py_masspoints_off
T4,resid1_log_water,2,T4_Abatement/abatement_QJE_final.dta,resid1_log_water,1,epa,mserd,off,statspai_native,6606,3.2486300015173506,3.2486300015173506,7.1999496146737965,7.1999496146737965,0.6054943800110923,0.24984797163516928,0.7092898862062634,0.28495853156739603,636,358,
T4,resid1_log_water,2,T4_Abatement/abatement_QJE_final.dta,resid1_log_water,1,epa,mserd,off,statspai_matched,6606,3.2646485395086424,3.2646485395086424,7.142646093275708,7.142646093275708,0.6047351535947032,0.2509286537124364,0.7110392762621398,0.2866927277208113,636,364,rdrobust_py_masspoints_off
T4,resid1_log_water,3,T4_Abatement/abatement_QJE_final.dta,resid1_log_water,1,uni,mserd,off,statspai_native,6606,2.667673130397079,2.667673130397079,5.805689084737746,5.805689084737746,0.6332423125225721,0.28466246858773775,0.7486143877534139,0.35890483926370886,593,242,
T4,resid1_log_water,3,T4_Abatement/abatement_QJE_final.dta,resid1_log_water,1,uni,mserd,off,statspai_matched,6606,2.4969731461009137,2.4969731461009137,5.757053948219007,5.757053948219007,0.40057975034999327,0.2786409493383011,0.5186536809834579,0.3569982016098065,580,219,rdrobust_py_masspoints_off
T4,resid1_machine,1,T4_Abatement/abatement_QJE_final.dta,resid1_machine,1,tri,mserd,off,statspai_native,7265,4.0225284194240425,4.0225284194240425,6.886193893754524,6.886193893754524,-1.228834497120957,0.6514307784424697,-1.434657918143566,0.7581630933286463,880,598,
T4,resid1_machine,1,T4_Abatement/abatement_QJE_final.dta,resid1_machine,1,tri,mserd,off,statspai_matched,7265,4.383856868156625,4.383856868156625,7.37765732225673,7.37765732225673,-1.1454088022511775,0.6244596932766137,-1.3871332831465581,0.7378193083793264,1002,690,rdrobust_py_masspoints_off
T4,resid1_machine,2,T4_Abatement/abatement_QJE_final.dta,resid1_machine,1,epa,mserd,off,statspai_native,7265,3.9158167503436627,3.9158167503436627,6.8063004855969,6.8063004855969,-1.2432471046711373,0.681011226956898,-1.4672748455257332,0.798834296235426,880,576,
T4,resid1_machine,2,T4_Abatement/abatement_QJE_final.dta,resid1_machine,1,epa,mserd,off,statspai_matched,7265,4.549355053035387,4.549355053035387,7.705762807850479,7.705762807850479,-1.0662700254838249,0.6160970730052481,-1.3369179803947242,0.7400139606231073,1031,773,rdrobust_py_masspoints_off
T4,resid1_machine,3,T4_Abatement/abatement_QJE_final.dta,resid1_machine,1,uni,mserd,off,statspai_native,7265,3.540677173001798,3.540677173001798,6.377413109060082,6.377413109060082,-1.1455641967306516,0.6675074224878669,-1.373962593690246,0.7883565259107124,810,466,
T4,resid1_machine,3,T4_Abatement/abatement_QJE_final.dta,resid1_machine,1,uni,mserd,off,statspai_matched,7265,3.41579471160097,3.41579471160097,6.8045538095112645,6.8045538095112645,-1.2895976898360202,0.6909068332483849,-1.6292750846263517,0.791320091858302,776,441,rdrobust_py_masspoints_off
T4,resid1_total_capacity,1,T4_Abatement/abatement_QJE_final.dta,resid1_total_capacity,1,tri,mserd,off,statspai_native,4624,4.137127872036909,4.137127872036909,6.605316057797564,6.605316057797564,-7354.29801504259,3735.9595432991755,-7280.631200484149,4457.158987193302,603,406,
T4,resid1_total_capacity,1,T4_Abatement/abatement_QJE_final.dta,resid1_total_capacity,1,tri,mserd,off,statspai_matched,4624,4.15142611454066,4.15142611454066,6.407191227709581,6.407191227709581,-7381.068856309681,3733.270044989538,-7145.2858328499715,4476.711000598414,603,406,rdrobust_py_masspoints_off
T4,resid1_total_capacity,2,T4_Abatement/abatement_QJE_final.dta,resid1_total_capacity,1,epa,mserd,off,statspai_native,4624,3.931320846528681,3.931320846528681,6.485940678107209,6.485940678107209,-7793.746587467234,3853.34027936701,-8109.331168865356,4646.320801823984,571,377,
T4,resid1_total_capacity,2,T4_Abatement/abatement_QJE_final.dta,resid1_total_capacity,1,epa,mserd,off,statspai_matched,4624,4.180981384078808,4.180981384078808,6.800301261966014,6.800301261966014,-8593.94273952608,3854.6976421818795,-9016.371380286699,4689.887800132266,608,407,rdrobust_py_masspoints_off
T4,resid1_total_capacity,3,T4_Abatement/abatement_QJE_final.dta,resid1_total_capacity,1,uni,mserd,off,statspai_native,4624,4.09124006476563,4.09124006476563,7.5872113700849075,7.5872113700849075,-9805.88027908749,4302.1680643086265,-10290.101959396721,5054.501137268892,590,405,
T4,resid1_total_capacity,3,T4_Abatement/abatement_QJE_final.dta,resid1_total_capacity,1,uni,mserd,off,statspai_matched,4624,4.332255000389115,4.332255000389115,8.08224681149937,8.08224681149937,-7849.398614774924,3714.3239182991474,-9204.555201833155,4330.6618566903335,651,450,rdrobust_py_masspoints_off
T5,resid_log_cod,1,T5_Emissions/water_emission_QJE_final.dta,resid_log_cod,1,tri,mserd,off,statspai_native,9797,3.203283663236682,3.203283663236682,6.9515628117084525,6.9515628117084525,0.8557168142188059,0.43703804867061713,0.9899406547196519,0.4735904511089266,907,502,
T5,resid_log_cod,1,T5_Emissions/water_emission_QJE_final.dta,resid_log_cod,1,tri,mserd,off,statspai_matched,9797,3.328825791449993,3.328825791449993,6.525334871422585,6.525334871422585,0.8371303059833106,0.4257283164217673,1.0016006634395722,0.4732210002499051,994,562,rdrobust_py_masspoints_off
T5,resid_log_cod,2,T5_Emissions/water_emission_QJE_final.dta,resid_log_cod,1,epa,mserd,off,statspai_native,9797,3.62871178612452,3.62871178612452,7.702032452979543,7.702032452979543,0.7376340120582678,0.3680443557723849,0.8757508815883113,0.40939509198513885,1096,685,
T5,resid_log_cod,2,T5_Emissions/water_emission_QJE_final.dta,resid_log_cod,1,epa,mserd,off,statspai_matched,9797,3.4181917749093667,3.4181917749093667,6.935107127248638,6.935107127248638,0.7504351922544746,0.3921512353085156,0.9234479973951751,0.43969084834558536,1003,584,rdrobust_py_masspoints_off
T5,resid_log_cod,3,T5_Emissions/water_emission_QJE_final.dta,resid_log_cod,1,uni,mserd,off,statspai_native,9797,4.437510924436119,4.437510924436119,8.177963418499813,8.177963418499813,0.5781445337584621,0.3029594657980737,0.6006756231914894,0.3377199323167912,1301,910,
T5,resid_log_cod,3,T5_Emissions/water_emission_QJE_final.dta,resid_log_cod,1,uni,mserd,off,statspai_matched,9797,5.029094632255249,5.029094632255249,8.32647127269657,8.32647127269657,0.23658262580175604,0.3202088515886373,0.31443512697456,0.34658671627659116,1491,1173,rdrobust_py_masspoints_off
T5,resid_log_cod_intensity,1,T5_Emissions/water_emission_QJE_final.dta,resid_log_cod_intensity,1,tri,mserd,off,statspai_native,9797,4.230410297378779,4.230410297378779,8.094718097874914,8.094718097874914,0.8779297639600877,0.3208771663077858,0.976644613514225,0.37269853636964967,1228,837,
T5,resid_log_cod_intensity,1,T5_Emissions/water_emission_QJE_final.dta,resid_log_cod_intensity,1,tri,mserd,off,statspai_matched,9797,4.958977983114703,4.958977983114703,8.371342671520162,8.371342671520162,0.7692773769650327,0.28534705680879446,0.8962376028455319,0.3457788624469578,1476,1131,rdrobust_py_masspoints_off
T5,resid_log_cod_intensity,2,T5_Emissions/water_emission_QJE_final.dta,resid_log_cod_intensity,1,epa,mserd,off,statspai_native,9797,4.318478393316277,4.318478393316277,8.164644626204698,8.164644626204698,0.8093984709053256,0.2928144438279928,0.9001661311077795,0.34608511393807184,1289,897,
T5,resid_log_cod_intensity,2,T5_Emissions/water_emission_QJE_final.dta,resid_log_cod_intensity,1,epa,mserd,off,statspai_matched,9797,4.959092402421838,4.959092402421838,8.343501083601057,8.343501083601057,0.7048067916684301,0.2668751771570807,0.81886697722836,0.32961312456126546,1476,1131,rdrobust_py_masspoints_off
T5,resid_log_cod_intensity,3,T5_Emissions/water_emission_QJE_final.dta,resid_log_cod_intensity,1,uni,mserd,off,statspai_native,9797,3.3606306441216387,3.3606306441216387,6.936243316733623,6.936243316733623,0.7555320325233404,0.3263200361796319,0.8465932647728331,0.3771631705607363,992,564,
T5,resid_log_cod_intensity,3,T5_Emissions/water_emission_QJE_final.dta,resid_log_cod_intensity,1,uni,mserd,off,statspai_matched,9797,4.39368821033327,4.39368821033327,7.3364136784621445,7.3364136784621445,0.7291632028430065,0.25765038627432213,0.7742006304902157,0.3408545948847086,1291,907,rdrobust_py_masspoints_off
T5,resid_log_nh,1,T5_Emissions/water_emission_QJE_final.dta,resid_log_nh,1,tri,mserd,off,statspai_native,4772,3.897298140877062,3.897298140877062,6.8470276118335,6.8470276118335,0.9810803174743521,1.0785269787017413,1.0718503864441034,1.2513246037333372,660,378,
T5,resid_log_nh,1,T5_Emissions/water_emission_QJE_final.dta,resid_log_nh,1,tri,mserd,off,statspai_matched,4772,4.575279303155201,4.575279303155201,6.865573903079484,6.865573903079484,0.8749339933457962,0.9024873271688343,1.0197082411242677,1.1911389829010601,781,519,rdrobust_py_masspoints_off
T5,resid_log_nh,2,T5_Emissions/water_emission_QJE_final.dta,resid_log_nh,1,epa,mserd,off,statspai_native,4772,3.9308886324480277,3.9308886324480277,7.159402301836853,7.159402301836853,0.9223258581194296,0.9900246821050169,1.040215393372006,1.1541003206455425,660,379,
T5,resid_log_nh,2,T5_Emissions/water_emission_QJE_final.dta,resid_log_nh,1,epa,mserd,off,statspai_matched,4772,4.879165715489012,4.879165715489012,7.297606899314315,7.297606899314315,0.7598107134228105,0.7647127925016621,0.9559275555994282,1.0545468126705295,823,565,rdrobust_py_masspoints_off
T5,resid_log_nh,3,T5_Emissions/water_emission_QJE_final.dta,resid_log_nh,1,uni,mserd,off,statspai_native,4772,3.719930176077717,3.719930176077717,6.702617454873322,6.702617454873322,1.0025320936811468,0.9118614982379956,1.0134737374647793,1.1137274214031698,631,334,
T5,resid_log_nh,3,T5_Emissions/water_emission_QJE_final.dta,resid_log_nh,1,uni,mserd,off,statspai_matched,4772,4.477215104858437,4.477215104858437,6.964133484646994,6.964133484646994,0.6264116866536753,0.6885611839121671,0.8887336779695056,0.9499332395621369,765,513,rdrobust_py_masspoints_off
T5,resid_log_nh_intensity,1,T5_Emissions/water_emission_QJE_final.dta,resid_log_nh_intensity,1,tri,mserd,off,statspai_native,4752,3.228718406302935,3.228718406302935,5.840106878616319,5.840106878616319,1.224137553015702,0.4467143770630893,1.3453610932347684,0.5498160177516607,529,231,
T5,resid_log_nh_intensity,1,T5_Emissions/water_emission_QJE_final.dta,resid_log_nh_intensity,1,tri,mserd,off,statspai_matched,4752,3.2013354399896583,3.2013354399896583,5.747826093027399,5.747826093027399,1.230310937231606,0.4479439001678978,1.3530710719181507,0.549776337982434,529,225,rdrobust_py_masspoints_off
T5,resid_log_nh_intensity,2,T5_Emissions/water_emission_QJE_final.dta,resid_log_nh_intensity,1,epa,mserd,off,statspai_native,4752,3.3314659925196284,3.3314659925196284,6.025072985143398,6.025072985143398,1.0572264549904862,0.4270264680758977,1.176273406256351,0.5429266848406809,575,260,
T5,resid_log_nh_intensity,2,T5_Emissions/water_emission_QJE_final.dta,resid_log_nh_intensity,1,epa,mserd,off,statspai_matched,4752,3.500148529500725,3.500148529500725,6.14135614872972,6.14135614872972,1.0059758306302917,0.4372881221461336,1.1351712670478273,0.5367732270719899,588,268,rdrobust_py_masspoints_off
T5,resid_log_nh_intensity,3,T5_Emissions/water_emission_QJE_final.dta,resid_log_nh_intensity,1,uni,mserd,off,statspai_native,4752,3.0100277869183216,3.0100277869183216,5.7333328169536255,5.7333328169536255,0.8491455291538735,0.4300127784478723,0.9795484677831882,0.5879510309323865,522,215,
T5,resid_log_nh_intensity,3,T5_Emissions/water_emission_QJE_final.dta,resid_log_nh_intensity,1,uni,mserd,off,statspai_matched,4752,2.9983224021665276,2.9983224021665276,5.7062579679148415,5.7062579679148415,0.8491455291538658,0.43005360806964377,0.9619660819230393,0.5761710805930833,522,215,rdrobust_py_masspoints_off
T5,resid_log_waste_water,1,T5_Emissions/water_emission_QJE_final.dta,resid_log_waste_water,1,tri,mserd,off,statspai_native,9797,3.753197331491111,3.753197331491111,7.219453517568353,7.219453517568353,0.33694188092009414,0.3067185225136152,0.44552942397671924,0.3564235011780119,1089,697,
T5,resid_log_waste_water,1,T5_Emissions/water_emission_QJE_final.dta,resid_log_waste_water,1,tri,mserd,off,statspai_matched,9797,3.6273790916409285,3.6273790916409285,6.6058425119580475,6.6058425119580475,0.341599549136936,0.3105797566040916,0.44344287941160276,0.3675259752556222,1087,677,rdrobust_py_masspoints_off
T5,resid_log_waste_water,2,T5_Emissions/water_emission_QJE_final.dta,resid_log_waste_water,1,epa,mserd,off,statspai_native,9797,4.055929939219725,4.055929939219725,7.768976626742557,7.768976626742557,0.33235667140385755,0.32338981916234716,0.4469711048498781,0.37130277527688527,1155,790,
T5,resid_log_waste_water,2,T5_Emissions/water_emission_QJE_final.dta,resid_log_waste_water,1,epa,mserd,off,statspai_matched,9797,3.599318733843923,3.599318733843923,6.935678119516993,6.935678119516993,0.3304164371634759,0.32943296571530184,0.45189542426299084,0.38683442216643227,1087,677,rdrobust_py_masspoints_off
T5,resid_log_waste_water,3,T5_Emissions/water_emission_QJE_final.dta,resid_log_waste_water,1,uni,mserd,off,statspai_native,9797,4.638491781045371,4.638491781045371,7.8090036808076055,7.8090036808076055,0.2392825904438485,0.30777246953556375,0.2942708399773324,0.37217403578214864,1346,1017,
T5,resid_log_waste_water,3,T5_Emissions/water_emission_QJE_final.dta,resid_log_waste_water,1,uni,mserd,off,statspai_matched,9797,5.286207934736714,5.286207934736714,8.554883760572345,8.554883760572345,0.05707861052163826,0.28126165906635575,0.03933524088997964,0.30337175452092446,1618,1306,rdrobust_py_masspoints_off
T5,resid_log_waste_water_intensity,1,T5_Emissions/water_emission_QJE_final.dta,resid_log_waste_water_intensity,1,tri,mserd,off,statspai_native,9797,3.9582298069032653,3.9582298069032653,7.459845037862746,7.459845037862746,0.4664839218387251,0.23263440649909092,0.5378627407101104,0.26718994829385073,1136,758,
T5,resid_log_waste_water_intensity,1,T5_Emissions/water_emission_QJE_final.dta,resid_log_waste_water_intensity,1,tri,mserd,off,statspai_matched,9797,4.53845902807081,4.53845902807081,7.789739935685723,7.789739935685723,0.4428959004392631,0.21445090120396185,0.5205070978815505,0.25405771588738135,1334,1007,rdrobust_py_masspoints_off
T5,resid_log_waste_water_intensity,2,T5_Emissions/water_emission_QJE_final.dta,resid_log_waste_water_intensity,1,epa,mserd,off,statspai_native,9797,4.35475169260045,4.35475169260045,7.99316127860307,7.99316127860307,0.43095346621054975,0.21793598016393695,0.4890605106451881,0.2552526091473725,1294,909,
T5,resid_log_waste_water_intensity,2,T5_Emissions/water_emission_QJE_final.dta,resid_log_waste_water_intensity,1,epa,mserd,off,statspai_matched,9797,4.825059389713676,4.825059389713676,8.17275954666955,8.17275954666955,0.4022039547007943,0.2017392640478532,0.467391658142356,0.24544441467280176,1373,1095,rdrobust_py_masspoints_off
T5,resid_log_waste_water_intensity,3,T5_Emissions/water_emission_QJE_final.dta,resid_log_waste_water_intensity,1,uni,mserd,off,statspai_native,9797,4.066195165104909,4.066195165104909,8.01307657490261,8.01307657490261,0.35335158163481484,0.2184914319304915,0.4050526470487024,0.24841777367224596,1164,789,
T5,resid_log_waste_water_intensity,3,T5_Emissions/water_emission_QJE_final.dta,resid_log_waste_water_intensity,1,uni,mserd,off,statspai_matched,9797,4.995872141249417,4.995872141249417,8.755808140236754,8.755808140236754,0.2416927334754667,0.18588571164602555,0.29266562553477704,0.22139374862415337,1486,1139,rdrobust_py_masspoints_off
T5,resid_log_so2,1,T5_Emissions/air_emission_QJE_final.dta,resid_log_so2,1,tri,mserd,off,statspai_native,4740,3.988269028130676,3.988269028130676,6.767082909595275,6.767082909595275,0.05048027311977399,0.30568200632079073,0.10606633212388084,0.35672138573217976,553,337,
T5,resid_log_so2,1,T5_Emissions/air_emission_QJE_final.dta,resid_log_so2,1,tri,mserd,off,statspai_matched,4740,4.41962584706955,4.41962584706955,7.22130062495945,7.22130062495945,0.03144073485390392,0.28912898320152824,0.1047053936281242,0.3382116321453519,619,419,rdrobust_py_masspoints_off
T5,resid_log_so2,2,T5_Emissions/air_emission_QJE_final.dta,resid_log_so2,1,epa,mserd,off,statspai_native,4740,4.177311548029063,4.177311548029063,7.165641546262718,7.165641546262718,0.05886018870102355,0.29740787080760434,0.1380016756447754,0.3434442607391947,581,359,
T5,resid_log_so2,2,T5_Emissions/air_emission_QJE_final.dta,resid_log_so2,1,epa,mserd,off,statspai_matched,4740,4.207544901880011,4.207544901880011,7.160989672604997,7.160989672604997,0.05543653038788482,0.2961012130562716,0.13586210230306311,0.3429155734796556,583,373,rdrobust_py_masspoints_off
T5,resid_log_so2,3,T5_Emissions/air_emission_QJE_final.dta,resid_log_so2,1,uni,mserd,off,statspai_native,4740,6.0984608717400075,6.0984608717400075,10.314017975778071,10.314017975778071,-0.09668816522827506,0.25114069821405655,-0.09018866505159533,0.3117601758654711,910,741,
T5,resid_log_so2,3,T5_Emissions/air_emission_QJE_final.dta,resid_log_so2,1,uni,mserd,off,statspai_matched,4740,6.250449542070107,6.250449542070107,10.181582944328708,10.181582944328708,-0.16445074308268287,0.24645698496299934,-0.16238610619162816,0.3011876670350199,941,770,rdrobust_py_masspoints_off
T5,resid_log_nox,1,T5_Emissions/air_emission_QJE_final.dta,resid_log_nox,1,tri,mserd,off,statspai_native,4740,3.4221045010551316,3.4221045010551316,5.877509375242948,5.877509375242948,0.10889986779635807,0.2921195825734319,0.14295643035850075,0.34998584159166274,484,283,
T5,resid_log_nox,1,T5_Emissions/air_emission_QJE_final.dta,resid_log_nox,1,tri,mserd,off,statspai_matched,4740,3.661452299186928,3.661452299186928,5.9331410838330685,5.9331410838330685,0.08978706974512274,0.28404611861982954,0.1326083477922992,0.3441302991861943,531,312,rdrobust_py_masspoints_off
T5,resid_log_nox,2,T5_Emissions/air_emission_QJE_final.dta,resid_log_nox,1,epa,mserd,off,statspai_native,4740,3.383555228368361,3.383555228368361,5.925729027852519,5.925729027852519,0.1401444740544748,0.29306324911182585,0.1814617305574096,0.3556009581290486,478,271,
T5,resid_log_nox,2,T5_Emissions/air_emission_QJE_final.dta,resid_log_nox,1,epa,mserd,off,statspai_matched,4740,3.3751339489093293,3.3751339489093293,5.713798175923103,5.713798175923103,0.140464138164281,0.2933302882868619,0.17870765160785906,0.3609703205008795,478,268,rdrobust_py_masspoints_off
T5,resid_log_nox,3,T5_Emissions/air_emission_QJE_final.dta,resid_log_nox,1,uni,mserd,off,statspai_native,4740,5.948940057966056,5.948940057966056,9.901659665742976,9.901659665742976,-0.06344961638598753,0.19916054806105973,-0.062318040569327764,0.23643036917068289,887,726,
T5,resid_log_nox,3,T5_Emissions/air_emission_QJE_final.dta,resid_log_nox,1,uni,mserd,off,statspai_matched,4740,6.095061192048858,6.095061192048858,9.832927152613857,9.832927152613857,-0.04928474364548997,0.1992241337053415,-0.05107759832181305,0.24032568155444783,910,741,rdrobust_py_masspoints_off
T6,fee,1,T6_PE/pwf_QJE_final.dta,resid1_l_pwf,1,tri,certwo,off,statspai_native,3050,2.786793843303695,2.353909041280268,7.8861189034543475,6.182125239731472,-1.4589679724917133,0.44567516127397655,-1.523956267076224,0.5575454558092419,285,78,
T6,fee,1,T6_PE/pwf_QJE_final.dta,resid1_l_pwf,1,tri,certwo,off,statspai_matched,3050,3.3998182416354616,3.7980654019783078,7.792805548963045,7.302235347670902,-1.1390540076501714,0.44191028819409095,-1.2397686396818157,0.5084826452864986,304,161,rdrobust_py_masspoints_off
T6,fee,2,T6_PE/pwf_QJE_final.dta,resid1_l_pwf,1,epa,certwo,off,statspai_native,3050,2.7169850813684406,3.2243668774393988,7.7654622119258025,7.184319560336024,-1.3203373068961732,0.4501365481183756,-1.3841289249930064,0.5416667558204269,282,117,
T6,fee,2,T6_PE/pwf_QJE_final.dta,resid1_l_pwf,1,epa,certwo,off,statspai_matched,3050,2.931281839151181,3.2317214926604847,7.223000023211754,6.74118367624982,-1.3172397386955546,0.4501588521254258,-1.4156013428389926,0.542561078935318,286,117,rdrobust_py_masspoints_off
T6,fee,3,T6_PE/pwf_QJE_final.dta,resid1_l_pwf,1,uni,certwo,off,statspai_native,3050,2.7382625479616887,3.680296685204143,7.168866752770453,7.440721571673086,-0.8795858844989168,0.4641810105033556,-0.9439608106110026,0.5346442871412782,282,158,
T6,fee,3,T6_PE/pwf_QJE_final.dta,resid1_l_pwf,1,uni,certwo,off,statspai_matched,3050,2.6096131713160204,3.484281177855279,6.587501397948745,7.2166105206629085,-0.9096297991263657,0.47657198602211776,-0.963216709794595,0.5587208098129605,282,144,rdrobust_py_masspoints_off
T6,party_inc1,1,T6_PE/PE_QJE_final.dta,resid1_tfpop_s,neg_ind0==1 & party_inc==1,tri,mserd,off,statspai_native,5305,4.21875622854713,4.21875622854713,7.488471176503275,7.488471176503275,0.5415546434487272,0.20835160669684155,0.5587228756322694,0.24681568728749362,654,328,
T6,party_inc1,1,T6_PE/PE_QJE_final.dta,resid1_tfpop_s,neg_ind0==1 & party_inc==1,tri,mserd,off,statspai_matched,5305,4.771708658041693,4.771708658041693,7.753990745934982,7.753990745934982,0.5603360771504051,0.20405563037114946,0.5761727975385925,0.24385028444069753,752,335,rdrobust_py_masspoints_off
T6,party_inc1,2,T6_PE/PE_QJE_final.dta,resid1_tfpop_s,neg_ind0==1 & party_inc==1,epa,mserd,off,statspai_native,5305,5.03273777859483,5.03273777859483,8.47409642320987,8.47409642320987,0.5724832617465281,0.19308027024909422,0.5845912262112949,0.23435053187203223,813,400,
T6,party_inc1,2,T6_PE/PE_QJE_final.dta,resid1_tfpop_s,neg_ind0==1 & party_inc==1,epa,mserd,off,statspai_matched,5305,4.9232415276475905,4.9232415276475905,8.256453530854971,8.256453530854971,0.5809707457995967,0.19885534934927065,0.593820957965679,0.2400806829342526,775,399,rdrobust_py_masspoints_off
T6,party_inc1,3,T6_PE/PE_QJE_final.dta,resid1_tfpop_s,neg_ind0==1 & party_inc==1,uni,mserd,off,statspai_native,5305,4.539582695569344,4.539582695569344,7.854533063590176,7.854533063590176,0.6222852013461796,0.1959211887550995,0.611173928207094,0.24602153573613733,690,331,
T6,party_inc1,3,T6_PE/PE_QJE_final.dta,resid1_tfpop_s,neg_ind0==1 & party_inc==1,uni,mserd,off,statspai_matched,5305,4.322003765957568,4.322003765957568,7.931342524540328,7.931342524540328,0.591160336972583,0.19826280283911774,0.5823322329152184,0.24261081320421404,654,328,rdrobust_py_masspoints_off
T6,party_inc1,4,T6_PE/PE_QJE_final.dta,resid1_tfpop_s,neg_ind0==0 & party_inc==1,tri,mserd,off,statspai_native,9382,5.043887685089374,5.043887685089374,8.708954076471858,8.708954076471858,0.1205976239864952,0.1338273653721071,0.12405822219232177,0.16123748509745336,1574,870,
T6,party_inc1,4,T6_PE/PE_QJE_final.dta,resid1_tfpop_s,neg_ind0==0 & party_inc==1,tri,mserd,off,statspai_matched,9382,4.878295102759978,4.878295102759978,8.772542614375647,8.772542614375647,0.11923736668198909,0.13307722757705603,0.12129284308804726,0.15761171499990773,1518,820,rdrobust_py_masspoints_off
T6,party_inc1,5,T6_PE/PE_QJE_final.dta,resid1_tfpop_s,neg_ind0==0 & party_inc==1,epa,mserd,off,statspai_native,9382,5.3569274292423925,5.3569274292423925,9.191001210240982,9.191001210240982,0.1056197628108647,0.13870181946921706,0.10306069448398636,0.17088435887767528,1728,959,
T6,party_inc1,5,T6_PE/PE_QJE_final.dta,resid1_tfpop_s,neg_ind0==0 & party_inc==1,epa,mserd,off,statspai_matched,9382,5.6051500192732036,5.6051500192732036,9.603792104018877,9.603792104018877,0.08790422912097648,0.13632677181772918,0.08669574211914281,0.16834563591408164,1819,1083,rdrobust_py_masspoints_off
T6,party_inc1,6,T6_PE/PE_QJE_final.dta,resid1_tfpop_s,neg_ind0==0 & party_inc==1,uni,mserd,off,statspai_native,9382,5.841745102105446,5.841745102105446,9.972281625963744,9.972281625963744,0.10667360655728464,0.10962223036588384,0.11257980485597946,0.1338026486682986,1872,1392,
T6,party_inc1,6,T6_PE/PE_QJE_final.dta,resid1_tfpop_s,neg_ind0==0 & party_inc==1,uni,mserd,off,statspai_matched,9382,6.889990614322774,6.889990614322774,10.188689861618489,10.188689861618489,0.07223145143076837,0.10440123698075214,0.0757299867480572,0.12658505856765825,2181,1894,rdrobust_py_masspoints_off
T6,party_inc0,1,T6_PE/PE_QJE_final.dta,resid1_tfpop_s,neg_ind0==1 & party_inc==0,tri,mserd,off,statspai_native,2450,4.011848622712447,4.011848622712447,6.895870272533736,6.895870272533736,0.103135242729926,0.23394144751656593,0.11836147252192003,0.2907735611130835,276,118,
T6,party_inc0,1,T6_PE/PE_QJE_final.dta,resid1_tfpop_s,neg_ind0==1 & party_inc==0,tri,mserd,off,statspai_matched,2450,5.897811059617696,5.897811059617696,7.437833808237683,7.437833808237683,0.12901849401951299,0.18598499334020863,0.13370872373258696,0.2463260929206134,395,275,rdrobust_py_masspoints_off
T6,party_inc0,2,T6_PE/PE_QJE_final.dta,resid1_tfpop_s,neg_ind0==1 & party_inc==0,epa,mserd,off,statspai_native,2450,3.638238870189247,3.638238870189247,6.104922730546976,6.104922730546976,0.12134749367807562,0.24047840072689552,0.13416863410329957,0.30876468818871566,271,114,
T6,party_inc0,2,T6_PE/PE_QJE_final.dta,resid1_tfpop_s,neg_ind0==1 & party_inc==0,epa,mserd,off,statspai_matched,2450,4.626787058196484,4.626787058196484,6.4786753144551055,6.4786753144551055,0.18742775875445455,0.25455478118087566,0.2016511555608263,0.3068042632228767,301,118,rdrobust_py_masspoints_off
T6,party_inc0,3,T6_PE/PE_QJE_final.dta,resid1_tfpop_s,neg_ind0==1 & party_inc==0,uni,mserd,off,statspai_native,2450,6.100670663692616,6.100670663692616,8.44375180221406,8.44375180221406,0.06000976324119045,0.14044557526813944,0.02474643427030572,0.176622601224489,454,279,
T6,party_inc0,3,T6_PE/PE_QJE_final.dta,resid1_tfpop_s,neg_ind0==1 & party_inc==0,uni,mserd,off,statspai_matched,2450,3.7131727301309545,3.7131727301309545,6.057516243871716,6.057516243871716,0.18459137709289591,0.26519191993265495,0.22506958194948967,0.327976670627297,271,118,rdrobust_py_masspoints_off
T6,party_inc0,4,T6_PE/PE_QJE_final.dta,resid1_tfpop_s,neg_ind0==0 & party_inc==0,tri,mserd,off,statspai_native,4739,3.180536520102252,3.180536520102252,7.232096997019881,7.232096997019881,0.09789982518333247,0.19409555062927708,0.09424974821643631,0.24789565530959257,764,270,
T6,party_inc0,4,T6_PE/PE_QJE_final.dta,resid1_tfpop_s,neg_ind0==0 & party_inc==0,tri,mserd,off,statspai_matched,4739,3.792086480970089,3.792086480970089,6.8241923907063855,6.8241923907063855,0.03688997359596957,0.18621208850476922,0.04063826385359147,0.24608031224445379,881,355,rdrobust_py_masspoints_off
T6,party_inc0,5,T6_PE/PE_QJE_final.dta,resid1_tfpop_s,neg_ind0==0 & party_inc==0,epa,mserd,off,statspai_native,4739,3.3711577346474537,3.3711577346474537,7.322900229861391,7.322900229861391,0.14082828907593437,0.19475079435053125,0.1248202150593275,0.2676784083150613,777,272,
T6,party_inc0,5,T6_PE/PE_QJE_final.dta,resid1_tfpop_s,neg_ind0==0 & party_inc==0,epa,mserd,off,statspai_matched,4739,3.8532142279682304,3.8532142279682304,7.306379741554781,7.306379741554781,0.011617032880310227,0.19319570098256497,-0.011218849320661334,0.25521111643348,881,355,rdrobust_py_masspoints_off
T6,party_inc0,6,T6_PE/PE_QJE_final.dta,resid1_tfpop_s,neg_ind0==0 & party_inc==0,uni,mserd,off,statspai_native,4739,3.4945439796006657,3.4945439796006657,7.530899131896413,7.530899131896413,-0.0016229089658353624,0.18998841990896098,-0.039860705476820135,0.2503722608334272,777,298,
T6,party_inc0,6,T6_PE/PE_QJE_final.dta,resid1_tfpop_s,neg_ind0==0 & party_inc==0,uni,mserd,off,statspai_matched,4739,2.6084418172968604,2.6084418172968604,5.393846487178552,5.393846487178552,0.26051213910052123,0.22038387445811763,0.2897376990695023,0.3274903413689994,736,252,rdrobust_py_masspoints_off
T6,automatic1,1,T6_PE/auto_QJE_final.dta,resid1_tfpop_s,neg_ind0==1 & automatic==1,tri,mserd,off,statspai_native,932,4.9039249520166015,4.9039249520166015,9.157137971859456,9.157137971859456,1.1581500578161765,0.5099106429816774,1.2869855071830298,0.641565306365442,131,50,
T6,automatic1,1,T6_PE/auto_QJE_final.dta,resid1_tfpop_s,neg_ind0==1 & automatic==1,tri,mserd,off,statspai_matched,932,4.503739939356641,4.503739939356641,8.862885779156564,8.862885779156564,1.1814381105468743,0.5486865788900096,1.2965285837138254,0.672457606774154,79,41,rdrobust_py_masspoints_off
T6,automatic1,2,T6_PE/auto_QJE_final.dta,resid1_tfpop_s,neg_ind0==1 & automatic==1,epa,mserd,off,statspai_native,932,4.9039249520166015,4.9039249520166015,8.603196533949495,8.603196533949495,1.175509210286545,0.5071872618752336,1.2976547291331362,0.6615263576545607,131,50,
T6,automatic1,2,T6_PE/auto_QJE_final.dta,resid1_tfpop_s,neg_ind0==1 & automatic==1,epa,mserd,off,statspai_matched,932,4.498514108992676,4.498514108992676,9.011659595948428,9.011659595948428,1.2187158740397002,0.5489876584856423,1.3480802190830103,0.6638286484501661,79,41,rdrobust_py_masspoints_off
T6,automatic1,3,T6_PE/auto_QJE_final.dta,resid1_tfpop_s,neg_ind0==1 & automatic==1,uni,mserd,off,statspai_native,932,4.9039249520166015,4.9039249520166015,7.205625067246749,7.205625067246749,0.8145211321434119,0.4678391334052243,1.0660461495219633,0.6797108542718785,131,50,
T6,automatic1,3,T6_PE/auto_QJE_final.dta,resid1_tfpop_s,neg_ind0==1 & automatic==1,uni,mserd,off,statspai_matched,932,4.647086498120269,4.647086498120269,9.49622777305961,9.49622777305961,1.2071075294463998,0.4713273660973554,1.3955082312947795,0.5918737353354329,119,41,rdrobust_py_masspoints_off
T6,automatic1,4,T6_PE/auto_QJE_final.dta,resid1_tfpop_s,neg_ind0==0 & automatic==1,tri,mserd,off,statspai_native,1815,4.477933893666992,4.477933893666992,6.317373996930992,6.317373996930992,-0.9759657348693878,0.15776735438255046,-1.0672791877522707,0.3508571415490686,232,93,
T6,automatic1,4,T6_PE/auto_QJE_final.dta,resid1_tfpop_s,neg_ind0==0 & automatic==1,tri,mserd,off,statspai_matched,1815,2.919042097039104,2.919042097039104,8.482290787818187,8.482290787818187,-1.0728089761963266,1.4372330927578463,-1.1867801853819193,1.4436494504108401,49,83,rdrobust_py_masspoints_off
T6,automatic1,5,T6_PE/auto_QJE_final.dta,resid1_tfpop_s,neg_ind0==0 & automatic==1,epa,mserd,off,statspai_native,1815,4.477933893666992,4.477933893666992,5.720500588737086,5.720500588737086,-1.0290307355344774,0.19456489299828986,-1.146008660013415,0.3727606406342095,232,93,
T6,automatic1,5,T6_PE/auto_QJE_final.dta,resid1_tfpop_s,neg_ind0==0 & automatic==1,epa,mserd,off,statspai_matched,1815,3.2956439244008093,3.2956439244008093,10.392035126246986,10.392035126246986,-0.4829458342544555,0.7061737576524849,-0.6088090594008384,0.8413227424584127,52,87,rdrobust_py_masspoints_off
T6,automatic1,6,T6_PE/auto_QJE_final.dta,resid1_tfpop_s,neg_ind0==0 & automatic==1,uni,msecomb1,adjust,statspai_native,1815,4.477933893666992,4.477933893666992,6.282080944703528,6.282080944703528,-1.1977643092118264,0.2977312275390517,-1.599962893750197,0.36785853543392255,232,93,
T6,automatic1,6,T6_PE/auto_QJE_final.dta,resid1_tfpop_s,neg_ind0==0 & automatic==1,uni,msecomb1,adjust,statspai_matched,1815,3.118128225043576,3.118128225043576,6.282081950636321,6.282081950636321,-0.5405452931990555,1.6115938931420455,-0.742067733189844,1.810823862520345,49,83,rdrobust_py_masspoints_off
T6,automatic0,1,T6_PE/auto_QJE_final.dta,resid1_tfpop_s,neg_ind0==1 & automatic==0,tri,mserd,off,statspai_native,4953,5.389598755532207,5.389598755532207,9.222831632008356,9.222831632008356,0.3205440781318845,0.18368618487081725,0.31093234457543256,0.20141460365259853,814,406,
T6,automatic0,1,T6_PE/auto_QJE_final.dta,resid1_tfpop_s,neg_ind0==1 & automatic==0,tri,mserd,off,statspai_matched,4953,6.145948605761778,6.145948605761778,9.024839099277676,9.024839099277676,0.3025198747435874,0.1536632251035556,0.2815518284771751,0.1908374592254818,955,737,rdrobust_py_masspoints_off
T6,automatic0,2,T6_PE/auto_QJE_final.dta,resid1_tfpop_s,neg_ind0==1 & automatic==0,epa,mserd,off,statspai_native,4953,5.669989479256749,5.669989479256749,9.124400923769576,9.124400923769576,0.35286530413423867,0.17392300586733106,0.34255137679230274,0.19989504697185026,853,431,
T6,automatic0,2,T6_PE/auto_QJE_final.dta,resid1_tfpop_s,neg_ind0==1 & automatic==0,epa,mserd,off,statspai_matched,4953,5.733520835002254,5.733520835002254,8.68156890689576,8.68156890689576,0.35008822743181645,0.17127782757491603,0.3391077739104488,0.2023840616853854,855,546,rdrobust_py_masspoints_off
T6,automatic0,3,T6_PE/auto_QJE_final.dta,resid1_tfpop_s,neg_ind0==1 & automatic==0,uni,mserd,off,statspai_native,4953,4.488938204767154,4.488938204767154,6.8947960052380886,6.8947960052380886,0.40618816239321187,0.19854637003954367,0.39786531633964517,0.22817027796444764,681,323,
T6,automatic0,3,T6_PE/auto_QJE_final.dta,resid1_tfpop_s,neg_ind0==1 & automatic==0,uni,mserd,off,statspai_matched,4953,4.30183557901292,4.30183557901292,6.697904312639858,6.697904312639858,0.40701185591125033,0.19976939646962383,0.42901815454442493,0.23849500154566813,675,321,rdrobust_py_masspoints_off
T6,automatic0,4,T6_PE/auto_QJE_final.dta,resid1_tfpop_s,neg_ind0==0 & automatic==0,tri,mserd,off,statspai_native,9523,4.278923288012593,4.278923288012593,7.432612741962681,7.432612741962681,0.09611470407462472,0.08254084011577432,0.1059559409886818,0.09836005339230706,1449,838,
T6,automatic0,4,T6_PE/auto_QJE_final.dta,resid1_tfpop_s,neg_ind0==0 & automatic==0,tri,mserd,off,statspai_matched,9523,4.632169062620119,4.632169062620119,7.369053097178326,7.369053097178326,0.09940656449084005,0.07994322645879076,0.11159481315739302,0.09666398764878904,1494,861,rdrobust_py_masspoints_off
T6,automatic0,5,T6_PE/auto_QJE_final.dta,resid1_tfpop_s,neg_ind0==0 & automatic==0,epa,mserd,off,statspai_native,9523,5.038283469554429,5.038283469554429,8.747556161946092,8.747556161946092,0.11513300060052434,0.0790970970945257,0.11226799896862366,0.0910457160012073,1606,941,
T6,automatic0,5,T6_PE/auto_QJE_final.dta,resid1_tfpop_s,neg_ind0==0 & automatic==0,epa,mserd,off,statspai_matched,9523,4.740177548609531,4.740177548609531,8.030268912165468,8.030268912165468,0.10860877437179116,0.07930216365142789,0.11375017351153488,0.09404216167511141,1506,864,rdrobust_py_masspoints_off
T6,automatic0,6,T6_PE/auto_QJE_final.dta,resid1_tfpop_s,neg_ind0==0 & automatic==0,uni,mserd,off,statspai_native,9523,4.663603940378863,4.663603940378863,9.301798709331818,9.301798709331818,0.12106074770260254,0.083117209463704,0.10565582922712405,0.08363143555543101,1494,861,
T6,automatic0,6,T6_PE/auto_QJE_final.dta,resid1_tfpop_s,neg_ind0==0 & automatic==0,uni,mserd,off,statspai_matched,9523,4.291474657842758,4.291474657842758,8.466660018441688,8.466660018441688,0.09760466151865241,0.08116240516793925,0.07729342486798693,0.09254605163338667,1449,838,rdrobust_py_masspoints_off
T7,soe0,1,T7_Burden/soe_vs_private_QJE_final.dta,resid1_tfpop_s,neg_ind0==1 & soe==0,tri,mserd,off,statspai_native,6149,4.215801717290163,4.215801717290163,6.779568147660989,6.779568147660989,0.4324544839106589,0.1802156166957958,0.4436201215899641,0.20580291684459406,749,373,
T7,soe0,1,T7_Burden/soe_vs_private_QJE_final.dta,resid1_tfpop_s,neg_ind0==1 & soe==0,tri,mserd,off,statspai_matched,6149,4.650503255841886,4.650503255841886,6.730741196542441,6.730741196542441,0.44648830500735465,0.17903607241795189,0.45747456919214635,0.2063813928147727,854,376,rdrobust_py_masspoints_off
T7,soe0,2,T7_Burden/soe_vs_private_QJE_final.dta,resid1_tfpop_s,neg_ind0==1 & soe==0,epa,mserd,off,statspai_native,6149,4.5752704397091275,4.5752704397091275,7.032849028415175,7.032849028415175,0.4822920318500157,0.18021135411995556,0.4934142939125701,0.20367543215529416,801,376,
T7,soe0,2,T7_Burden/soe_vs_private_QJE_final.dta,resid1_tfpop_s,neg_ind0==1 & soe==0,epa,mserd,off,statspai_matched,6149,4.41913742289276,4.41913742289276,6.730076234481167,6.730076234481167,0.47872863165385215,0.1807013712077153,0.5012918268472057,0.21029072845346491,786,374,rdrobust_py_masspoints_off
T7,soe0,3,T7_Burden/soe_vs_private_QJE_final.dta,resid1_tfpop_s,neg_ind0==1 & soe==0,uniform,mserd,off,statspai_native,6149,5.1667092567740776,5.1667092567740776,8.843119299768299,8.843119299768299,0.3661548770920743,0.14597239248437063,0.3789946320941816,0.1755582236607974,962,471,
T7,soe0,3,T7_Burden/soe_vs_private_QJE_final.dta,resid1_tfpop_s,neg_ind0==1 & soe==0,uniform,mserd,off,statspai_matched,6149,4.859600690177238,4.859600690177238,7.766371661309303,7.766371661309303,0.4330373914095925,0.16735016426589214,0.42475781475777175,0.18827578793287733,892,394,rdrobust_py_masspoints_off
T7,soe0,4,T7_Burden/soe_vs_private_QJE_final.dta,resid1_tfpop_s,neg_ind0==0 & soe==0,tri,mserd,off,statspai_native,11510,4.685165407118648,4.685165407118648,7.741333001175645,7.741333001175645,0.032196689325248454,0.09068304657868553,0.021727633882773406,0.10375248488686312,1872,946,
T7,soe0,4,T7_Burden/soe_vs_private_QJE_final.dta,resid1_tfpop_s,neg_ind0==0 & soe==0,tri,mserd,off,statspai_matched,11510,5.104224174209416,5.104224174209416,7.6111395212354305,7.6111395212354305,0.046825452773859896,0.08882386892915163,0.03567551563229719,0.10477799968536214,1992,1025,rdrobust_py_masspoints_off
T7,soe0,5,T7_Burden/soe_vs_private_QJE_final.dta,resid1_tfpop_s,neg_ind0==0 & soe==0,epa,mserd,off,statspai_native,11510,4.948040417904201,4.948040417904201,8.378280886458258,8.378280886458258,0.05193718746292632,0.09199540931197925,0.035358708399954974,0.10339788795395174,1931,1022,
T7,soe0,5,T7_Burden/soe_vs_private_QJE_final.dta,resid1_tfpop_s,neg_ind0==0 & soe==0,epa,mserd,off,statspai_matched,11510,4.862199336343733,4.862199336343733,7.713242688212057,7.713242688212057,0.04784597177180777,0.09193651125197148,0.03564339642634107,0.10596042030777171,1924,966,rdrobust_py_masspoints_off
T7,soe0,6,T7_Burden/soe_vs_private_QJE_final.dta,resid1_tfpop_s,neg_ind0==0 & soe==0,uniform,mserd,off,statspai_native,11510,3.7843260517222315,3.7843260517222315,7.468096645652705,7.468096645652705,-0.008521950658652244,0.09279951693950587,-0.031692854213213606,0.10957047315337048,1590,827,
T7,soe0,6,T7_Burden/soe_vs_private_QJE_final.dta,resid1_tfpop_s,neg_ind0==0 & soe==0,uniform,mserd,off,statspai_matched,11510,4.517440192067261,4.517440192067261,7.709276843041096,7.709276843041096,0.07220485541026583,0.10191488173978071,0.03965770557955339,0.1119215711448716,1760,938,rdrobust_py_masspoints_off
T7,soe1,1,T7_Burden/soe_vs_private_QJE_final.dta,resid1_tfpop_s,neg_ind0==1 & soe==1,tri,mserd,off,statspai_native,513,3.326085791761609,3.326085791761609,5.93351900322444,5.93351900322444,-0.118921495213969,0.42039710683827103,-0.2758675359226961,0.4609519868586791,49,30,
T7,soe1,1,T7_Burden/soe_vs_private_QJE_final.dta,resid1_tfpop_s,neg_ind0==1 & soe==1,tri,mserd,off,statspai_matched,513,3.3013616001659756,3.3013616001659756,5.8967349664505155,5.8967349664505155,-0.13031714449555581,0.41664974849173014,-0.2909204908371863,0.45627358426010595,49,29,rdrobust_py_masspoints_off
T7,soe1,2,T7_Burden/soe_vs_private_QJE_final.dta,resid1_tfpop_s,neg_ind0==1 & soe==1,epa,mserd,off,statspai_native,513,3.584652112557064,3.584652112557064,6.590356772487006,6.590356772487006,0.013159688810803427,0.49038376552999197,-0.04381614012448776,0.5959661364358533,50,37,
T7,soe1,2,T7_Burden/soe_vs_private_QJE_final.dta,resid1_tfpop_s,neg_ind0==1 & soe==1,epa,mserd,off,statspai_matched,513,3.4694989196885957,3.4694989196885957,6.236069989370719,6.236069989370719,0.002119422700761986,0.495106049269865,-0.1036071160537656,0.5768978191240267,50,34,rdrobust_py_masspoints_off
T7,soe1,3,T7_Burden/soe_vs_private_QJE_final.dta,resid1_tfpop_s,neg_ind0==1 & soe==1,uniform,mserd,off,statspai_native,513,3.6187657917954827,3.6187657917954827,7.925597599941481,7.925597599941481,0.0406039091872018,0.5411483812620118,0.1697742615977036,0.6401265521207194,51,37,
T7,soe1,3,T7_Burden/soe_vs_private_QJE_final.dta,resid1_tfpop_s,neg_ind0==1 & soe==1,uniform,mserd,off,statspai_matched,513,4.947465372032167,4.947465372032167,9.394581876316048,9.394581876316048,0.623341211854552,0.4087415177869187,0.8150260062420135,0.49225952152784747,69,53,rdrobust_py_masspoints_off
T7,soe1,4,T7_Burden/soe_vs_private_QJE_final.dta,resid1_tfpop_s,neg_ind0==0 & soe==1,tri,mserd,off,statspai_native,1169,5.001005585172337,5.001005585172337,7.844349521773804,7.844349521773804,0.15247554208487063,0.40426078777450525,0.15227643993466922,0.4797141911314223,154,129,
T7,soe1,4,T7_Burden/soe_vs_private_QJE_final.dta,resid1_tfpop_s,neg_ind0==0 & soe==1,tri,mserd,off,statspai_matched,1169,6.069612227954602,6.069612227954602,8.465063354495276,8.465063354495276,0.11219519070188633,0.3454647737433537,0.1276236728152843,0.43739617773185163,256,186,rdrobust_py_masspoints_off
T7,soe1,5,T7_Burden/soe_vs_private_QJE_final.dta,resid1_tfpop_s,neg_ind0==0 & soe==1,epa,mserd,off,statspai_native,1169,4.6813413489374645,4.6813413489374645,7.520637566833311,7.520637566833311,0.12417185296392819,0.4185412026896448,0.10944691554110036,0.5003582119245031,138,109,
T7,soe1,5,T7_Burden/soe_vs_private_QJE_final.dta,resid1_tfpop_s,neg_ind0==0 & soe==1,epa,mserd,off,statspai_matched,1169,6.063917204789868,6.063917204789868,8.761324526993807,8.761324526993807,0.08592802237241393,0.3330160570151552,0.07739324007040205,0.4264141995236417,256,186,rdrobust_py_masspoints_off
T7,soe1,6,T7_Burden/soe_vs_private_QJE_final.dta,resid1_tfpop_s,neg_ind0==0 & soe==1,uniform,mserd,off,statspai_native,1169,5.778729984231698,5.778729984231698,8.323607080520322,8.323607080520322,0.06089457400653531,0.30825182353981073,0.13582940186656645,0.39785829555567886,224,165,
T7,soe1,6,T7_Burden/soe_vs_private_QJE_final.dta,resid1_tfpop_s,neg_ind0==0 & soe==1,uniform,mserd,off,statspai_matched,1169,4.550114792569011,4.550114792569011,7.284388092269796,7.284388092269796,0.06035056807034889,0.4130513265941533,-0.026056248283304786,0.5166567741290286,134,109,rdrobust_py_masspoints_off
T7,firm_big0,1,T7_Burden/big_vs_small_QJE_final.dta,resid1_tfpop_s,neg_ind0==1 & firm_big==0,tri,mserd,off,statspai_native,1829,3.942284167651394,3.942284167651394,6.251759128556438,6.251759128556438,-0.0022740881984007477,0.4192670105738949,-0.07481895273451794,0.46667355510840497,205,99,
T7,firm_big0,1,T7_Burden/big_vs_small_QJE_final.dta,resid1_tfpop_s,neg_ind0==1 & firm_big==0,tri,mserd,off,statspai_matched,1829,4.58872701671387,4.58872701671387,6.247014550088849,6.247014550088849,0.05728896014168722,0.4065525128809382,-0.04468574331802433,0.4560839768870835,226,106,rdrobust_py_masspoints_off
T7,firm_big0,2,T7_Burden/big_vs_small_QJE_final.dta,resid1_tfpop_s,neg_ind0==1 & firm_big==0,epa,mserd,off,statspai_native,1829,3.741334536278438,3.741334536278438,6.095727437790683,6.095727437790683,0.046970777457072205,0.43464237510055886,-0.017253407543997235,0.4871024342748941,188,96,
T7,firm_big0,2,T7_Burden/big_vs_small_QJE_final.dta,resid1_tfpop_s,neg_ind0==1 & firm_big==0,epa,mserd,off,statspai_matched,1829,5.11630737909096,5.11630737909096,6.749265035604931,6.749265035604931,0.13463513819970346,0.35939231997810805,0.02609925258594059,0.4457620568079853,260,142,rdrobust_py_masspoints_off
T7,firm_big0,3,T7_Burden/big_vs_small_QJE_final.dta,resid1_tfpop_s,neg_ind0==1 & firm_big==0,uniform,mserd,off,statspai_native,1829,3.072702469074371,3.072702469074371,5.652570107610449,5.652570107610449,0.13259481187637268,0.49529792145045914,0.08435940375592677,0.5221874503507257,145,66,
T7,firm_big0,3,T7_Burden/big_vs_small_QJE_final.dta,resid1_tfpop_s,neg_ind0==1 & firm_big==0,uniform,mserd,off,statspai_matched,1829,3.757464402507455,3.757464402507455,5.738580603475648,5.738580603475648,0.16909458547418188,0.39243617389017466,0.07489828515582941,0.46132333584021046,188,96,rdrobust_py_masspoints_off
T7,firm_big0,4,T7_Burden/big_vs_small_QJE_final.dta,resid1_tfpop_s,neg_ind0==0 & firm_big==0,tri,mserd,off,statspai_native,3981,4.089443799557298,4.089443799557298,8.345595584478142,8.345595584478142,-0.023839354697461124,0.15620951220630236,-0.0650868047884276,0.19183506728229027,593,284,
T7,firm_big0,4,T7_Burden/big_vs_small_QJE_final.dta,resid1_tfpop_s,neg_ind0==0 & firm_big==0,tri,mserd,off,statspai_matched,3981,4.199261706068401,4.199261706068401,8.429011165419713,8.429011165419713,-0.014861769358190557,0.15507499067402478,-0.06081455025958393,0.1891279208645394,599,292,rdrobust_py_masspoints_off
T7,firm_big0,5,T7_Burden/big_vs_small_QJE_final.dta,resid1_tfpop_s,neg_ind0==0 & firm_big==0,epa,mserd,off,statspai_native,3981,3.908453700775948,3.908453700775948,7.730520528929838,7.730520528929838,-0.021548108099511742,0.16011419674876676,-0.044829787841059954,0.20841638647277172,588,269,
T7,firm_big0,5,T7_Burden/big_vs_small_QJE_final.dta,resid1_tfpop_s,neg_ind0==0 & firm_big==0,epa,mserd,off,statspai_matched,3981,3.7975830655233485,3.7975830655233485,7.686417245620977,7.686417245620977,-0.04476272825441113,0.1628172446085485,-0.06456389706976684,0.2127599617356461,558,257,rdrobust_py_masspoints_off
T7,firm_big0,6,T7_Burden/big_vs_small_QJE_final.dta,resid1_tfpop_s,neg_ind0==0 & firm_big==0,uniform,mserd,off,statspai_native,3981,4.340091450946483,4.340091450946483,9.56416899445856,9.56416899445856,0.06523787674805959,0.16769992763206307,0.01637662123343886,0.17370818129162285,599,296,
T7,firm_big0,6,T7_Burden/big_vs_small_QJE_final.dta,resid1_tfpop_s,neg_ind0==0 & firm_big==0,uniform,mserd,off,statspai_matched,3981,4.021039939038674,4.021039939038674,9.417068159601067,9.417068159601067,0.04241741291504075,0.17572892826311814,-0.005027946130699623,0.1828210291593441,592,284,rdrobust_py_masspoints_off
T7,firm_big1,1,T7_Burden/big_vs_small_QJE_final.dta,resid1_tfpop_s,neg_ind0==1 & firm_big==1,tri,mserd,off,statspai_native,4818,4.554802151392827,4.554802151392827,7.636922864750942,7.636922864750942,0.4883715495975081,0.16821103404644086,0.5141438361591789,0.19073474094710025,639,302,
T7,firm_big1,1,T7_Burden/big_vs_small_QJE_final.dta,resid1_tfpop_s,neg_ind0==1 & firm_big==1,tri,mserd,off,statspai_matched,4818,5.146618542791279,5.146618542791279,7.8667055383243465,7.8667055383243465,0.48548313790103237,0.162431489303733,0.5170510949993713,0.18899455501897877,766,378,rdrobust_py_masspoints_off
T7,firm_big1,2,T7_Burden/big_vs_small_QJE_final.dta,resid1_tfpop_s,neg_ind0==1 & firm_big==1,epa,mserd,off,statspai_native,4818,4.952583971882811,4.952583971882811,7.855817925846203,7.855817925846203,0.51181100865039,0.1702745635859495,0.5453579877319217,0.19722946264013502,713,361,
T7,firm_big1,2,T7_Burden/big_vs_small_QJE_final.dta,resid1_tfpop_s,neg_ind0==1 & firm_big==1,epa,mserd,off,statspai_matched,4818,4.846477507482426,4.846477507482426,7.744913282405279,7.744913282405279,0.5185039501914257,0.1733525869924347,0.5505704858219406,0.1989220541392191,709,310,rdrobust_py_masspoints_off
T7,firm_big1,3,T7_Burden/big_vs_small_QJE_final.dta,resid1_tfpop_s,neg_ind0==1 & firm_big==1,uniform,mserd,off,statspai_native,4818,5.31366576634265,5.31366576634265,8.894909031771874,8.894909031771874,0.44286573150874364,0.158256931974918,0.47122016360699814,0.1871661236926857,806,378,
T7,firm_big1,3,T7_Burden/big_vs_small_QJE_final.dta,resid1_tfpop_s,neg_ind0==1 & firm_big==1,uniform,mserd,off,statspai_matched,4818,4.7561100012618915,4.7561100012618915,8.687669906799973,8.687669906799973,0.5171886209215835,0.1746030987225196,0.5379386339470003,0.1934638115954342,692,304,rdrobust_py_masspoints_off
T7,firm_big1,4,T7_Burden/big_vs_small_QJE_final.dta,resid1_tfpop_s,neg_ind0==0 & firm_big==1,tri,mserd,off,statspai_native,8765,5.676173349380333,5.676173349380333,9.36731837323174,9.36731837323174,0.0231334096259595,0.1046343337535352,0.017459575410689043,0.12274229918275949,1812,968,
T7,firm_big1,4,T7_Burden/big_vs_small_QJE_final.dta,resid1_tfpop_s,neg_ind0==0 & firm_big==1,tri,mserd,off,statspai_matched,8765,5.079339447488068,5.079339447488068,8.079590292258587,8.079590292258587,0.024019371683371676,0.11114884183045214,0.026958751762421768,0.13081618219250307,1536,808,rdrobust_py_masspoints_off
T7,firm_big1,5,T7_Burden/big_vs_small_QJE_final.dta,resid1_tfpop_s,neg_ind0==0 & firm_big==1,epa,mserd,off,statspai_native,8765,5.987048261759571,5.987048261759571,9.777862209837433,9.777862209837433,0.022951369699710122,0.09880262233241426,0.011505579805415472,0.11915521366387784,2015,1270,
T7,firm_big1,5,T7_Burden/big_vs_small_QJE_final.dta,resid1_tfpop_s,neg_ind0==0 & firm_big==1,epa,mserd,off,statspai_matched,8765,5.242387175476114,5.242387175476114,8.718903599057652,8.718903599057652,0.03155752953542648,0.11191573312192617,0.03389133686605936,0.131649925358791,1644,859,rdrobust_py_masspoints_off
T7,firm_big1,6,T7_Burden/big_vs_small_QJE_final.dta,resid1_tfpop_s,neg_ind0==0 & firm_big==1,uniform,mserd,off,statspai_native,8765,5.52617667892516,5.52617667892516,9.580801693272875,9.580801693272875,0.013169883379802572,0.10313042252051408,0.0038814767308185116,0.12100645333307249,1738,956,
T7,firm_big1,6,T7_Burden/big_vs_small_QJE_final.dta,resid1_tfpop_s,neg_ind0==0 & firm_big==1,uniform,mserd,off,statspai_matched,8765,5.755260734864256,5.755260734864256,9.390314311916576,9.390314311916576,0.019863042705221184,0.09771660120311919,-0.007042298967467067,0.11709670063421689,1823,1036,rdrobust_py_masspoints_off
T7,nsbd1,1,T7_Burden/NSBD_QJE_final.dta,resid1_tfpop_s,neg_ind0==1 & nsbd_c==1,epa,mserd,off,statspai_native,933,6.1909122567041015,6.1909122567041015,10.44455294343409,10.44455294343409,0.6278872940027307,0.3748130719262408,0.7391155212580619,0.3056290154941619,122,137,
T7,nsbd1,1,T7_Burden/NSBD_QJE_final.dta,resid1_tfpop_s,neg_ind0==1 & nsbd_c==1,epa,mserd,off,statspai_matched,933,5.711412672490694,5.711412672490694,10.713516818335819,10.713516818335819,0.890753860520178,0.30954120575153543,0.9769427557601198,0.2528361891032333,122,133,rdrobust_py_masspoints_off
T7,nsbd1,2,T7_Burden/NSBD_QJE_final.dta,resid1_tfpop_s,neg_ind0==1 & nsbd_c==1,tri,mserd,off,statspai_native,933,6.1909122567041015,6.1909122567041015,9.180323514031565,9.180323514031565,0.6837443673926764,0.32503838776186617,0.6592354617620824,0.32069378382606406,122,137,
T7,nsbd1,2,T7_Burden/NSBD_QJE_final.dta,resid1_tfpop_s,neg_ind0==1 & nsbd_c==1,tri,mserd,off,statspai_matched,933,6.688919898325188,6.688919898325188,12.316320179016934,12.316320179016934,0.689020227656751,0.3227362128934362,0.8222554008863318,0.2705389834722814,122,292,rdrobust_py_masspoints_off
T7,nsbd1,3,T7_Burden/NSBD_QJE_final.dta,resid1_tfpop_s,neg_ind0==1 & nsbd_c==1,uni,mserd,off,statspai_native,933,6.9002017145116765,6.9002017145116765,8.816057474350197,8.816057474350197,0.8868022840072691,0.3719601004006707,0.7423587959234722,0.3905968338273105,123,292,
T7,nsbd1,3,T7_Burden/NSBD_QJE_final.dta,resid1_tfpop_s,neg_ind0==1 & nsbd_c==1,uni,mserd,off,statspai_matched,933,4.969195988860101,4.969195988860101,11.37641889075664,11.37641889075664,0.9353204243247388,0.3099107282308238,1.0118209208131381,0.3095983203796258,69,11,rdrobust_py_masspoints_off
T7,nsbd1,4,T7_Burden/NSBD_QJE_final.dta,resid1_tfpop_s,neg_ind0==0 & nsbd_c==1,epa,mserd,off,statspai_native,1429,5.701316843496094,5.701316843496094,7.534179045407443,7.534179045407443,0.006056683937282217,0.244208131763269,0.2533156398660731,0.2805125129576168,195,111,
T7,nsbd1,4,T7_Burden/NSBD_QJE_final.dta,resid1_tfpop_s,neg_ind0==0 & nsbd_c==1,epa,mserd,off,statspai_matched,1429,5.016370250288102,5.016370250288102,9.694633778682537,9.694633778682537,0.16509227805159948,0.1614389391686452,0.13730782054403062,0.2988513120391719,101,10,rdrobust_py_masspoints_off
T7,nsbd1,5,T7_Burden/NSBD_QJE_final.dta,resid1_tfpop_s,neg_ind0==0 & nsbd_c==1,tri,mserd,off,statspai_native,1429,5.701316843496094,5.701316843496094,7.194256701957374,7.194256701957374,0.0751575418222964,0.187751408626587,0.31605318194938165,0.23300598833841207,195,111,
T7,nsbd1,5,T7_Burden/NSBD_QJE_final.dta,resid1_tfpop_s,neg_ind0==0 & nsbd_c==1,tri,mserd,off,statspai_matched,1429,5.7151661737863915,5.7151661737863915,12.174827215918734,12.174827215918734,0.10005979327893116,0.18183428577623714,0.024381151197643808,0.3349293775237227,195,111,rdrobust_py_masspoints_off
T7,nsbd1,6,T7_Burden/NSBD_QJE_final.dta,resid1_tfpop_s,neg_ind0==0 & nsbd_c==1,uni,mserd,off,statspai_native,1429,5.701316843496094,5.701316843496094,8.995032511410392,8.995032511410392,0.23052533285945984,0.23310110467584252,0.1625644072696394,0.38123116819548186,195,111,
T7,nsbd1,6,T7_Burden/NSBD_QJE_final.dta,resid1_tfpop_s,neg_ind0==0 & nsbd_c==1,uni,mserd,off,statspai_matched,1429,8.3753595,8.3753595,16.527565,16.527565,0.05059989051742231,0.24738278409240938,0.07484961612478871,0.31647282266484733,212,573,"stata_e(h,b)"
T7,nsbd0,1,T7_Burden/NSBD_QJE_final.dta,resid1_tfpop_s,neg_ind0==1 & nsbd_c==0,epa,mserd,off,statspai_native,4998,4.523386970387856,4.523386970387856,7.522857257324312,7.522857257324312,0.38195997740496385,0.19100528069612452,0.40310258936745585,0.2266861152387594,711,349,
T7,nsbd0,1,T7_Burden/NSBD_QJE_final.dta,resid1_tfpop_s,neg_ind0==1 & nsbd_c==0,epa,mserd,off,statspai_matched,4998,4.521554906452408,4.521554906452408,7.244489685416734,7.244489685416734,0.38196885701841166,0.19107018608154694,0.4044506087943381,0.23336065386386404,711,349,rdrobust_py_masspoints_off
T7,nsbd0,2,T7_Burden/NSBD_QJE_final.dta,resid1_tfpop_s,neg_ind0==1 & nsbd_c==0,tri,mserd,off,statspai_native,4998,4.606629219003697,4.606629219003697,7.950211051462038,7.950211051462038,0.3615443634378928,0.19302400546407233,0.3773250325823327,0.22391498081817923,717,349,
T7,nsbd0,2,T7_Burden/NSBD_QJE_final.dta,resid1_tfpop_s,neg_ind0==1 & nsbd_c==0,tri,mserd,off,statspai_matched,4998,5.103197389784454,5.103197389784454,7.929708975004303,7.929708975004303,0.34630012519496395,0.17829621959947586,0.3664168617442328,0.21626475299874967,809,431,rdrobust_py_masspoints_off
T7,nsbd0,3,T7_Burden/NSBD_QJE_final.dta,resid1_tfpop_s,neg_ind0==1 & nsbd_c==0,uni,mserd,off,statspai_native,4998,4.807264398646995,4.807264398646995,7.247116430483416,7.247116430483416,0.35512316647924436,0.16451214025444147,0.3838122588976459,0.18931046625354345,769,367,
T7,nsbd0,3,T7_Burden/NSBD_QJE_final.dta,resid1_tfpop_s,neg_ind0==1 & nsbd_c==0,uni,mserd,off,statspai_matched,4998,3.8774132287259397,3.8774132287259397,6.670411370510693,6.670411370510693,0.35904124522703684,0.1812898602294681,0.3637242255713694,0.23359091387673722,638,329,rdrobust_py_masspoints_off
T7,nsbd0,4,T7_Burden/NSBD_QJE_final.dta,resid1_tfpop_s,neg_ind0==0 & nsbd_c==0,epa,mserd,off,statspai_native,9739,4.7721784096378,4.7721784096378,8.955862636079152,8.955862636079152,0.1318578354061894,0.11373380678132594,0.13138586804695107,0.13543445670358967,1756,914,
T7,nsbd0,4,T7_Burden/NSBD_QJE_final.dta,resid1_tfpop_s,neg_ind0==0 & nsbd_c==0,epa,mserd,off,statspai_matched,9739,4.972197756155803,4.972197756155803,8.81279397407217,8.81279397407217,0.13174056350626484,0.10979754693037562,0.13614165576240086,0.13513683804616955,1789,997,rdrobust_py_masspoints_off
T7,nsbd0,5,T7_Burden/NSBD_QJE_final.dta,resid1_tfpop_s,neg_ind0==0 & nsbd_c==0,tri,mserd,off,statspai_native,9739,5.282039374410555,5.282039374410555,9.697767139753479,9.697767139753479,0.1305304594981929,0.10804682611328606,0.12984306579059757,0.12898407621123417,1879,1077,
T7,nsbd0,5,T7_Burden/NSBD_QJE_final.dta,resid1_tfpop_s,neg_ind0==0 & nsbd_c==0,tri,mserd,off,statspai_matched,9739,5.717872548817888,5.717872548817888,9.458998386586579,9.458998386586579,0.10688576714190523,0.0990047725611639,0.10966365494782589,0.12720892765992906,2076,1209,rdrobust_py_masspoints_off
T7,nsbd0,6,T7_Burden/NSBD_QJE_final.dta,resid1_tfpop_s,neg_ind0==0 & nsbd_c==0,uni,mserd,off,statspai_native,9739,3.7734714041347024,3.7734714041347024,7.4797309169451,7.4797309169451,0.07276547282504987,0.12209426509787628,0.08298931231107798,0.1476051161836558,1465,795,
T7,nsbd0,6,T7_Burden/NSBD_QJE_final.dta,resid1_tfpop_s,neg_ind0==0 & nsbd_c==0,uni,mserd,off,statspai_matched,9739,4.497639763000851,4.497639763000851,8.385185019892864,8.385185019892864,0.10836107730039699,0.11179714621646133,0.0791259897473616,0.13249054307651223,1629,905,rdrobust_py_masspoints_off
T5,resid_log_cod@msecomb1,3,T5_Emissions/water_emission_QJE_final.dta,resid_log_cod,1,uni,msecomb1,off,statspai_native,9797,3.1724864233563,3.1724864233563,6.3638172108175,6.3638172108175,0.7473585407310475,0.3973999486020568,0.9191233813427375,0.44204934229145193,907,499,
T5,resid_log_cod@msecomb1,3,T5_Emissions/water_emission_QJE_final.dta,resid_log_cod,1,uni,msecomb1,off,statspai_matched,9797,3.542586431235284,3.542586431235284,6.672837825952515,6.672837825952515,0.7337444722222553,0.3533986277370693,0.9560044752716252,0.4226637324983148,1051,614,rdrobust_py_masspoints_off
T5,resid_log_cod_intensity@msecomb1,3,T5_Emissions/water_emission_QJE_final.dta,resid_log_cod_intensity,1,uni,msecomb1,off,statspai_native,9797,2.5607715082169977,2.5607715082169977,5.908023959526575,5.908023959526575,1.0165892045987106,0.39831001341312694,1.1269253794738567,0.45217409139979925,813,297,
T5,resid_log_cod_intensity@msecomb1,3,T5_Emissions/water_emission_QJE_final.dta,resid_log_cod_intensity,1,uni,msecomb1,off,statspai_matched,9797,3.2716014283927715,3.2716014283927715,6.263245893696153,6.263245893696153,0.8442706415891814,0.32791416714254906,0.9796328556062406,0.37291608104329504,906,518,rdrobust_py_masspoints_off
T5,resid_log_nh@msecomb1,3,T5_Emissions/water_emission_QJE_final.dta,resid_log_nh,1,uni,msecomb1,off,statspai_native,4772,3.719930176077717,3.719930176077717,6.702617454873322,6.702617454873322,1.0025320936811468,0.9118614982379956,1.0134737374647793,1.1137274214031698,631,334,
T5,resid_log_nh@msecomb1,3,T5_Emissions/water_emission_QJE_final.dta,resid_log_nh,1,uni,msecomb1,off,statspai_matched,4772,4.477215104858437,4.477215104858437,6.964133484646994,6.964133484646994,0.6264116866536753,0.6885611839121671,0.8887336779695056,0.9499332395621369,765,513,rdrobust_py_masspoints_off
T5,resid_log_nh_intensity@msecomb1,3,T5_Emissions/water_emission_QJE_final.dta,resid_log_nh_intensity,1,uni,msecomb1,off,statspai_native,4752,3.0100277869183216,3.0100277869183216,5.7333328169536255,5.7333328169536255,0.8491455291538735,0.4300127784478723,0.9795484677831882,0.5879510309323865,522,215,
T5,resid_log_nh_intensity@msecomb1,3,T5_Emissions/water_emission_QJE_final.dta,resid_log_nh_intensity,1,uni,msecomb1,off,statspai_matched,4752,2.9983224021665276,2.9983224021665276,5.7062579679148415,5.7062579679148415,0.8491455291538658,0.43005360806964377,0.9619660819230393,0.5761710805930833,522,215,rdrobust_py_masspoints_off
T5,resid_log_waste_water@msecomb1,3,T5_Emissions/water_emission_QJE_final.dta,resid_log_waste_water,1,uni,msecomb1,off,statspai_native,9797,4.638491781045371,4.638491781045371,7.8090036808076055,7.8090036808076055,0.2392825904438485,0.30777246953556375,0.2942708399773324,0.37217403578214864,1346,1017,
T5,resid_log_waste_water@msecomb1,3,T5_Emissions/water_emission_QJE_final.dta,resid_log_waste_water,1,uni,msecomb1,off,statspai_matched,9797,5.286207934736714,5.286207934736714,8.554883760572345,8.554883760572345,0.05707861052163826,0.28126165906635575,0.03933524088997964,0.30337175452092446,1618,1306,rdrobust_py_masspoints_off
T5,resid_log_waste_water_intensity@msecomb1,3,T5_Emissions/water_emission_QJE_final.dta,resid_log_waste_water_intensity,1,uni,msecomb1,off,statspai_native,9797,2.769374315125821,2.769374315125821,5.899994561071229,5.899994561071229,0.6202273295233302,0.25880787796474275,0.6750464339966211,0.3153022259813283,848,351,
T5,resid_log_waste_water_intensity@msecomb1,3,T5_Emissions/water_emission_QJE_final.dta,resid_log_waste_water_intensity,1,uni,msecomb1,off,statspai_matched,9797,3.2726713706324597,3.2726713706324597,6.430738951222811,6.430738951222811,0.5560185239567506,0.25811624194378974,0.6500990505567179,0.2904830961383942,910,518,rdrobust_py_masspoints_off
T5,resid_log_so2@msecomb1,3,T5_Emissions/air_emission_QJE_final.dta,resid_log_so2,1,uni,msecomb1,off,statspai_native,4740,4.4721562622945,4.4721562622945,7.860825634635545,7.860825634635545,-0.035347024115008646,0.2859482356410778,0.011326404721306277,0.3393294553631939,624,429,
T5,resid_log_so2@msecomb1,3,T5_Emissions/air_emission_QJE_final.dta,resid_log_so2,1,uni,msecomb1,off,statspai_matched,4740,4.487963910695095,4.487963910695095,7.815153575286751,7.815153575286751,-0.03534702411500962,0.2859482356410785,0.011326404721308192,0.339329455363199,624,429,rdrobust_py_masspoints_off
T5,resid_log_nox@msecomb1,3,T5_Emissions/air_emission_QJE_final.dta,resid_log_nox,1,uni,msecomb1,off,statspai_native,4740,4.461148311074122,4.461148311074122,8.405898622921022,8.405898622921022,0.0108509231464822,0.2508272259090194,0.01681382317068849,0.2990583219847151,622,427,
T5,resid_log_nox@msecomb1,3,T5_Emissions/air_emission_QJE_final.dta,resid_log_nox,1,uni,msecomb1,off,statspai_matched,4740,3.8974581021218713,3.8974581021218713,7.37071601560546,7.37071601560546,-0.0021637339266949857,0.26053896016847256,0.10497525244162875,0.2990991078284243,549,335,rdrobust_py_masspoints_off
T6,fee@mserd,1,T6_PE/pwf_QJE_final.dta,resid1_l_pwf,1,tri,mserd,off,statspai_native,3050,3.2013023595887207,3.2013023595887207,6.282830072634528,6.282830072634528,-1.37410080634266,0.4315625165452323,-1.5304736722714192,0.5240271639320717,295,117,
T6,fee@mserd,1,T6_PE/pwf_QJE_final.dta,resid1_l_pwf,1,tri,mserd,off,statspai_matched,3050,4.024939219036548,4.024939219036548,7.0057433783983125,7.0057433783983125,-0.9133679612921772,0.4426020763097778,-1.101373482656534,0.5057869321835607,371,170,rdrobust_py_masspoints_off
T6,fee@mserd,2,T6_PE/pwf_QJE_final.dta,resid1_l_pwf,1,epa,mserd,off,statspai_native,3050,3.841235880829115,3.841235880829115,6.973668712202294,6.973668712202294,-0.8680598101730048,0.450834113817007,-1.0296935295699072,0.5247616642845186,358,161,
T6,fee@mserd,2,T6_PE/pwf_QJE_final.dta,resid1_l_pwf,1,epa,mserd,off,statspai_matched,3050,3.5082797658338025,3.5082797658338025,6.4346161738378225,6.4346161738378225,-1.1238781236508064,0.45386438029871407,-1.287805199816416,0.5432196380614528,305,148,rdrobust_py_masspoints_off
T6,fee@mserd,3,T6_PE/pwf_QJE_final.dta,resid1_l_pwf,1,uni,mserd,off,statspai_native,3050,4.798543028278565,4.798543028278565,7.445691794610493,7.445691794610493,0.025381107130654057,0.4906296617379272,-0.07701685318526594,0.5453219996064586,417,172,
T6,fee@mserd,3,T6_PE/pwf_QJE_final.dta,resid1_l_pwf,1,uni,mserd,off,statspai_matched,3050,4.36207301787988,4.36207301787988,7.121680811393344,7.121680811393344,-0.11598909109348177,0.49553832952929383,-0.16354657638538952,0.5613235310114219,374,171,rdrobust_py_masspoints_off
