table,panel,outcome,unrest,column,event_time,term,coef,se
VII,A,ALL,event,1,-8,base,4.778861491042649,3.055655085745769
VII,A,ALL,event,1,-8,public security,-1.4850117663008282,1.0411711699288688
VII,A,ALL,event,1,-7,base,3.9534830658838,2.6939995131256333
VII,A,ALL,event,1,-7,public security,-1.6982511494480783,1.0312631865518058
VII,A,ALL,event,1,-6,base,3.242655499876629,2.284917703614721
VII,A,ALL,event,1,-6,public security,-1.5339799532558378,0.9773103070739064
VII,A,ALL,event,1,-5,base,1.1436768704340878,1.085728110384626
VII,A,ALL,event,1,-5,public security,-0.10771094316349375,0.5771396995089438
VII,A,ALL,event,1,-4,base,0.6152915800268142,0.8674629889084378
VII,A,ALL,event,1,-4,public security,0.016507010114952095,0.5931860313959626
VII,A,ALL,event,1,-3,base,0.1781387810453311,0.46489748994459223
VII,A,ALL,event,1,-3,public security,-0.1935806755432021,0.5804573683489365
VII,A,ALL,event,1,-2,base,-0.4840909667251372,0.22693913754255385
VII,A,ALL,event,1,-2,public security,-0.8185220081087579,0.5186997801191046
VII,A,ALL,event,1,0,base,-0.9331932036751136,1.199835994604002
VII,A,ALL,event,1,0,public security,2.0834887739439947,1.3819712640694248
VII,A,ALL,event,1,1,base,-1.1288021146271991,1.3840708576433491
VII,A,ALL,event,1,1,public security,3.7795685250498043,1.8102620702368666
VII,A,ALL,event,1,2,base,-1.3140836128338362,1.6066095394754634
VII,A,ALL,event,1,2,public security,4.5973182008147395,1.856954628807798
VII,A,ALL,event,1,3,base,-1.7456890577286586,2.021600367963128
VII,A,ALL,event,1,3,public security,5.777546865090345,2.3211679766347935
VII,A,ALL,event,1,4,base,-1.4269203345032555,2.3440178346251015
VII,A,ALL,event,1,4,public security,7.182300078583325,3.1701816766291797
VII,A,ALL,event,1,5,base,-1.456001250724832,2.491128586238325
VII,A,ALL,event,1,5,public security,7.601132784972635,3.0313240034613402
VII,A,ALL,event,1,6,base,-1.1309948475524636,3.0076155580871946
VII,A,ALL,event,1,6,public security,8.291053934739434,3.413027049500053
VII,A,ALL,event,1,7,base,-1.202436885674699,3.395933847474967
VII,A,ALL,event,1,7,public security,10.33976121449029,4.587433472470656
VII,A,ALL,event,1,8,base,1.0137030261112372,1.5510775811909476
VII,A,ALL,event,1,8,public security,9.751283028923618,3.2899000662989817
VII,A,ALL,event,2,-8,base,3.3827847545376137,2.071686527678741
VII,A,ALL,event,2,-8,public security,-1.5573921465961766,1.4400173558185951
VII,A,ALL,event,2,-7,base,2.769395765804241,1.8692103608956117
VII,A,ALL,event,2,-7,public security,-1.5592357354969073,1.243406413103365
VII,A,ALL,event,2,-6,base,2.4707034293301304,1.7279465422443965
VII,A,ALL,event,2,-6,public security,-1.5128735832632498,1.2938702198177634
VII,A,ALL,event,2,-5,base,0.7146976088561944,0.7651578949459004
VII,A,ALL,event,2,-5,public security,-0.48085198276132013,1.3783408265875703
VII,A,ALL,event,2,-4,base,0.4936020196774721,0.7236383407631579
VII,A,ALL,event,2,-4,public security,-0.5872947998734939,1.271711166422783
VII,A,ALL,event,2,-3,base,-0.013458196158079645,0.40177495330593005
VII,A,ALL,event,2,-3,public security,-0.42926217089040286,1.0711903153167757
VII,A,ALL,event,2,-2,base,-0.424178590915804,0.2618759995935186
VII,A,ALL,event,2,-2,public security,-0.6667279536504218,1.2495271288843863
VII,A,ALL,event,2,0,base,0.5422232697579574,0.4488603197887527
VII,A,ALL,event,2,0,public security,0.4983529882798764,0.6522396678884114
VII,A,ALL,event,2,1,base,1.0643792931671339,0.5759514638337107
VII,A,ALL,event,2,1,public security,1.0519624990280856,1.1122234145828662
VII,A,ALL,event,2,2,base,1.2577230792377667,0.6966771981275797
VII,A,ALL,event,2,2,public security,2.042617415655577,1.534766840696743
VII,A,ALL,event,2,3,base,1.3979017548203396,0.889053783260757
VII,A,ALL,event,2,3,public security,2.2121949236443026,1.7763551371839992
VII,A,ALL,event,2,4,base,2.7853244680636413,1.0999082688034851
VII,A,ALL,event,2,4,public security,1.9392788288031166,2.4475355473858094
VII,A,ALL,event,2,5,base,3.2789212269065797,1.3044800115213544
VII,A,ALL,event,2,5,public security,1.4735209801377456,2.5881423017066854
VII,A,ALL,event,2,6,base,4.903359666538944,1.7388694368411854
VII,A,ALL,event,2,6,public security,1.4728245941923235,2.890652703173089
VII,A,ALL,event,2,7,base,4.238190047425908,1.6853943879693318
VII,A,ALL,event,2,7,public security,3.4433373973929733,2.974749904452354
VII,A,ALL,event,2,8,base,4.520727428709344,1.888097089122271
VII,A,ALL,event,2,8,public security,4.051938011401638,3.6895492749447016
VII,A,ALL,event,3,-8,base,0.3259870976313905,1.113834279598085
VII,A,ALL,event,3,-8,public security,-1.603937912102871,1.0592985268239425
VII,A,ALL,event,3,-7,base,0.17617401600069735,1.0087221611693105
VII,A,ALL,event,3,-7,public security,-1.5659669776060967,0.8936177975068791
VII,A,ALL,event,3,-6,base,0.28050529351539455,1.0011540087120814
VII,A,ALL,event,3,-6,public security,-1.5595626447602706,0.9618979425069561
VII,A,ALL,event,3,-5,base,-1.2786392097646786,0.460758334158416
VII,A,ALL,event,3,-5,public security,0.002985275178720761,0.7512343030450117
VII,A,ALL,event,3,-4,base,-1.1845166741658102,0.2866524709484244
VII,A,ALL,event,3,-4,public security,0.2943634328751838,0.8556718874082941
VII,A,ALL,event,3,-3,base,-0.8555772657951717,0.29473953088356714
VII,A,ALL,event,3,-3,public security,-0.13082260467249868,0.7598343195050445
VII,A,ALL,event,3,-2,base,-0.86236785519118,0.2167394062752609
VII,A,ALL,event,3,-2,public security,-0.8280979076268253,0.5908729845562772
VII,A,ALL,event,3,0,base,-0.5679993551830403,1.0526420021281964
VII,A,ALL,event,3,0,public security,1.8423652770764454,1.191576660186928
VII,A,ALL,event,3,1,base,0.039174745409198485,0.9996905605881002
VII,A,ALL,event,3,1,public security,2.676599256675127,1.210530167159127
VII,A,ALL,event,3,2,base,0.5986304524757549,1.0768751452241947
VII,A,ALL,event,3,2,public security,3.2867069314595567,1.3102538113671314
VII,A,ALL,event,3,3,base,0.4327579214793584,1.0949198924788512
VII,A,ALL,event,3,3,public security,4.477919587590881,1.5243820584875782
VII,A,ALL,event,3,4,base,1.1910404251902185,1.3049620805009094
VII,A,ALL,event,3,4,public security,5.794510058895737,2.3039517926784634
VII,A,ALL,event,3,5,base,2.0450716346249656,1.2227989672224684
VII,A,ALL,event,3,5,public security,5.960365519737994,2.1844032422503656
VII,A,ALL,event,3,6,base,3.26019783857297,1.3602190298357386
VII,A,ALL,event,3,6,public security,6.451066623640083,2.5228452850767256
VII,A,ALL,event,3,7,base,3.902380326518326,1.4308525740401963
VII,A,ALL,event,3,7,public security,8.31476179085536,3.6143606804853117
VII,A,ALL,event,3,8,base,6.311304634295677,1.6918809792860843
VII,A,ALL,event,3,8,public security,7.9628598621517925,2.4502517221274993
VII,A,ALL,event_hat_lasso,4,-8,base,1.5285183553970665,1.5406996378576538
VII,A,ALL,event_hat_lasso,4,-8,public security,0.22827166215858755,1.265732313013228
VII,A,ALL,event_hat_lasso,4,-7,base,1.0286240008001875,1.1482159161125425
VII,A,ALL,event_hat_lasso,4,-7,public security,0.24987877412011916,0.9241882852958578
VII,A,ALL,event_hat_lasso,4,-6,base,1.1564722658195625,0.9603319684332202
VII,A,ALL,event_hat_lasso,4,-6,public security,-0.07833588051022045,0.9537880814133771
VII,A,ALL,event_hat_lasso,4,-5,base,0.2308856684691898,0.5371771098183625
VII,A,ALL,event_hat_lasso,4,-5,public security,0.1776888463374776,0.5680490409755478
VII,A,ALL,event_hat_lasso,4,-4,base,-0.0812098050781055,0.47157865403915095
VII,A,ALL,event_hat_lasso,4,-4,public security,0.19559830263261102,0.5319652538643741
VII,A,ALL,event_hat_lasso,4,-3,base,-0.1833551854814124,0.3464508371685803
VII,A,ALL,event_hat_lasso,4,-3,public security,0.0852196611354152,0.4857427233013498
VII,A,ALL,event_hat_lasso,4,-2,base,-0.06406672334855909,0.1891594558001522
VII,A,ALL,event_hat_lasso,4,-2,public security,-0.7629228680876782,0.39671603671365985
VII,A,ALL,event_hat_lasso,4,0,base,0.1609065571509225,0.3474861947733892
VII,A,ALL,event_hat_lasso,4,0,public security,0.48805995033211996,0.3450457144625598
VII,A,ALL,event_hat_lasso,4,1,base,-0.707949045638875,0.8092740120983721
VII,A,ALL,event_hat_lasso,4,1,public security,2.5705124964723014,0.8912577619597685
VII,A,ALL,event_hat_lasso,4,2,base,-0.5863715622751116,0.9969784033815077
VII,A,ALL,event_hat_lasso,4,2,public security,3.299242386792127,0.972315773803911
VII,A,ALL,event_hat_lasso,4,3,base,-0.37478407210025927,1.1438237919275398
VII,A,ALL,event_hat_lasso,4,3,public security,3.543035299910321,1.1929421853569955
VII,A,ALL,event_hat_lasso,4,4,base,-0.14893330315251313,1.260005540888489
VII,A,ALL,event_hat_lasso,4,4,public security,4.111184148910732,1.61666647033199
VII,A,ALL,event_hat_lasso,4,5,base,-0.024130678289814005,1.3626821502166766
VII,A,ALL,event_hat_lasso,4,5,public security,5.183545819560209,1.6847239329654455
VII,A,ALL,event_hat_lasso,4,6,base,0.6414194916778733,1.5320536944174128
VII,A,ALL,event_hat_lasso,4,6,public security,5.554780119513707,1.826623944942391
VII,A,ALL,event_hat_lasso,4,7,base,0.8092094553029339,1.7590889819710036
VII,A,ALL,event_hat_lasso,4,7,public security,6.887016253325627,2.309937301015701
VII,A,ALL,event_hat_lasso,4,8,base,1.8096216548720898,1.0173719666913914
VII,A,ALL,event_hat_lasso,4,8,public security,7.445262431308337,1.8242587769696557
VII,A,ALL,event_hat_lasso,5,-8,base,0.5760877227899469,1.5238679623629445
VII,A,ALL,event_hat_lasso,5,-8,public security,0.43375355081476663,1.472161234063441
VII,A,ALL,event_hat_lasso,5,-7,base,0.2754880436058255,1.0641601020110292
VII,A,ALL,event_hat_lasso,5,-7,public security,0.4138038687224797,0.94766568977484
VII,A,ALL,event_hat_lasso,5,-6,base,0.7315424666749168,0.9577109895875646
VII,A,ALL,event_hat_lasso,5,-6,public security,-0.12202494364886722,0.9531138718649829
VII,A,ALL,event_hat_lasso,5,-5,base,-0.5151865944457656,0.5066054865040501
VII,A,ALL,event_hat_lasso,5,-5,public security,0.7509048925938967,1.0316969990395657
VII,A,ALL,event_hat_lasso,5,-4,base,-0.5932627520650113,0.4949801169550692
VII,A,ALL,event_hat_lasso,5,-4,public security,0.43821995122797996,0.9378772376066642
VII,A,ALL,event_hat_lasso,5,-3,base,-0.5593563306247541,0.38475176980381975
VII,A,ALL,event_hat_lasso,5,-3,public security,0.4606800674167208,0.8080256681528342
VII,A,ALL,event_hat_lasso,5,-2,base,-0.09621691863458505,0.2773879588896142
VII,A,ALL,event_hat_lasso,5,-2,public security,-0.6123387838138403,0.759393864121503
VII,A,ALL,event_hat_lasso,5,0,base,0.035334559167046455,0.36867878743675914
VII,A,ALL,event_hat_lasso,5,0,public security,0.603929669848292,0.4425742041089902
VII,A,ALL,event_hat_lasso,5,1,base,0.19289158828507377,0.4801478471520167
VII,A,ALL,event_hat_lasso,5,1,public security,1.3983098723745657,0.6911957490422811
VII,A,ALL,event_hat_lasso,5,2,base,0.40589085678833287,0.6038667448631297
VII,A,ALL,event_hat_lasso,5,2,public security,2.3171647775831827,0.8386354147539881
VII,A,ALL,event_hat_lasso,5,3,base,1.1009356142956876,0.5903287525014336
VII,A,ALL,event_hat_lasso,5,3,public security,2.048133911122012,0.9883033781336474
VII,A,ALL,event_hat_lasso,5,4,base,1.627314632160004,0.7286324731731563
VII,A,ALL,event_hat_lasso,5,4,public security,2.0510369189110813,1.2173264767361
VII,A,ALL,event_hat_lasso,5,5,base,2.058744943090393,0.9365457761990379
VII,A,ALL,event_hat_lasso,5,5,public security,2.5343068540383067,1.4379017464266586
VII,A,ALL,event_hat_lasso,5,6,base,3.3289238573379167,1.1892812279303981
VII,A,ALL,event_hat_lasso,5,6,public security,2.4709025107255287,1.5599670169858701
VII,A,ALL,event_hat_lasso,5,7,base,3.596102374173946,1.210685088607201
VII,A,ALL,event_hat_lasso,5,7,public security,3.4212054431491756,1.5405182576622682
VII,A,ALL,event_hat_lasso,5,8,base,3.9636481822401928,1.313020482707627
VII,A,ALL,event_hat_lasso,5,8,public security,4.054393291677894,1.689047264558374
VII,A,ALL,event_hat_lasso,6,-8,base,-1.057650894014001,0.9254579258602943
VII,A,ALL,event_hat_lasso,6,-8,public security,-0.05736128050125776,1.3095277155288856
VII,A,ALL,event_hat_lasso,6,-7,base,-1.1774172537257177,0.6350353853578412
VII,A,ALL,event_hat_lasso,6,-7,public security,0.12929776671911838,0.9351243680467047
VII,A,ALL,event_hat_lasso,6,-6,base,-0.5963572975195072,0.5234708815414816
VII,A,ALL,event_hat_lasso,6,-6,public security,-0.26625294717069076,0.991409939895668
VII,A,ALL,event_hat_lasso,6,-5,base,-1.2068073645538067,0.42970847611525226
VII,A,ALL,event_hat_lasso,6,-5,public security,-0.04699816075743508,0.5447475090674052
VII,A,ALL,event_hat_lasso,6,-4,base,-1.2015910088268396,0.38339135317532186
VII,A,ALL,event_hat_lasso,6,-4,public security,0.0675486727025547,0.5183349998862853
VII,A,ALL,event_hat_lasso,6,-3,base,-0.8861650792356044,0.31970016655986927
VII,A,ALL,event_hat_lasso,6,-3,public security,-0.024213326236114524,0.5004734038691127
VII,A,ALL,event_hat_lasso,6,-2,base,-0.4116751105850372,0.17196731943695814
VII,A,ALL,event_hat_lasso,6,-2,public security,-0.8198382548679578,0.42449158684175153
VII,A,ALL,event_hat_lasso,6,0,base,0.39699872536609243,0.33358662556936614
VII,A,ALL,event_hat_lasso,6,0,public security,0.705229521829716,0.28308604361098955
VII,A,ALL,event_hat_lasso,6,1,base,0.07307211995847307,0.6027575537940117
VII,A,ALL,event_hat_lasso,6,1,public security,2.2751169140289575,0.7688833448606082
VII,A,ALL,event_hat_lasso,6,2,base,0.835723263262513,0.7144490878062143
VII,A,ALL,event_hat_lasso,6,2,public security,2.7326248179131443,0.9233734623592429
VII,A,ALL,event_hat_lasso,6,3,base,0.9840521070584813,0.7530135187334897
VII,A,ALL,event_hat_lasso,6,3,public security,3.35553483070083,1.0261290278660224
VII,A,ALL,event_hat_lasso,6,4,base,1.5114956450373402,0.8327106585862611
VII,A,ALL,event_hat_lasso,6,4,public security,4.053950889301123,1.4117079506137427
VII,A,ALL,event_hat_lasso,6,5,base,2.2008768350517247,0.8795084526563518
VII,A,ALL,event_hat_lasso,6,5,public security,4.600146127144282,1.4164665612574974
VII,A,ALL,event_hat_lasso,6,6,base,3.1753786511485953,1.0533420580319315
VII,A,ALL,event_hat_lasso,6,6,public security,4.821860117850727,1.5939832869535027
VII,A,ALL,event_hat_lasso,6,7,base,4.0118409999359255,1.2083818588510165
VII,A,ALL,event_hat_lasso,6,7,public security,5.906177686616478,2.1005316323283325
VII,A,ALL,event_hat_lasso,6,8,base,5.474002280643103,1.2898964460839752
VII,A,ALL,event_hat_lasso,6,8,public security,6.313583717040954,1.5420046106865621
VII,B,GOVERNMENT,event,1,-8,base,1.628254660389106,1.005398473236705
VII,B,GOVERNMENT,event,1,-8,public security,-0.11794229712862203,0.45233420803789864
VII,B,GOVERNMENT,event,1,-7,base,1.3252109287638358,0.9198981433931336
VII,B,GOVERNMENT,event,1,-7,public security,-0.4072240091258806,0.3625490204855534
VII,B,GOVERNMENT,event,1,-6,base,0.8169810377321716,0.660990806840089
VII,B,GOVERNMENT,event,1,-6,public security,-0.020089743193715266,0.31482401493102047
VII,B,GOVERNMENT,event,1,-5,base,0.2933574579833664,0.35326395808929795
VII,B,GOVERNMENT,event,1,-5,public security,0.32515834107037395,0.3084183252872418
VII,B,GOVERNMENT,event,1,-4,base,0.13955782309573916,0.273809424948397
VII,B,GOVERNMENT,event,1,-4,public security,0.2241516022026497,0.29203407475964804
VII,B,GOVERNMENT,event,1,-3,base,0.11517773919589853,0.12368474412220333
VII,B,GOVERNMENT,event,1,-3,public security,0.17398347202340067,0.25084579376501925
VII,B,GOVERNMENT,event,1,-2,base,-0.2649759659574719,0.09641989748606289
VII,B,GOVERNMENT,event,1,-2,public security,-0.07647308284533981,0.233723354918925
VII,B,GOVERNMENT,event,1,0,base,-0.09362394779214488,0.30148632995491714
VII,B,GOVERNMENT,event,1,0,public security,0.5419894222700805,0.3286843084116926
VII,B,GOVERNMENT,event,1,1,base,0.023092553657282872,0.3787235328928657
VII,B,GOVERNMENT,event,1,1,public security,1.0839820657267523,0.512084771195
VII,B,GOVERNMENT,event,1,2,base,-0.2041222132902702,0.4277083321567402
VII,B,GOVERNMENT,event,1,2,public security,1.5489144343225385,0.5154344830120723
VII,B,GOVERNMENT,event,1,3,base,-0.09189932960819577,0.6376418699976125
VII,B,GOVERNMENT,event,1,3,public security,1.7646232948981553,0.800491671359306
VII,B,GOVERNMENT,event,1,4,base,0.20174856999493845,0.7440490634667695
VII,B,GOVERNMENT,event,1,4,public security,1.8069205928283365,1.0055495964954881
VII,B,GOVERNMENT,event,1,5,base,0.29677618995067445,0.826057800053103
VII,B,GOVERNMENT,event,1,5,public security,1.8255963285345924,1.1445670367719085
VII,B,GOVERNMENT,event,1,6,base,0.628042043149237,1.0843894013777746
VII,B,GOVERNMENT,event,1,6,public security,1.864057027674261,1.3131400822713322
VII,B,GOVERNMENT,event,1,7,base,0.8589752667637931,1.2330314151873591
VII,B,GOVERNMENT,event,1,7,public security,2.340909306580321,1.7516400143157476
VII,B,GOVERNMENT,event,1,8,base,1.2581732014152225,0.8011568178174954
VII,B,GOVERNMENT,event,1,8,public security,2.229749845912465,1.3295372017107883
VII,B,GOVERNMENT,event,2,-8,base,0.859910553493452,0.6353722227401001
VII,B,GOVERNMENT,event,2,-8,public security,0.23060439267655333,0.5957043451291796
VII,B,GOVERNMENT,event,2,-7,base,0.6629766369075366,0.5515004156097404
VII,B,GOVERNMENT,event,2,-7,public security,-0.1177629129499892,0.4927976826850999
VII,B,GOVERNMENT,event,2,-6,base,0.5087399989950862,0.5289563282898099
VII,B,GOVERNMENT,event,2,-6,public security,0.09727919124020495,0.4904583119884578
VII,B,GOVERNMENT,event,2,-5,base,0.1686740815557998,0.3087127617276797
VII,B,GOVERNMENT,event,2,-5,public security,0.16358806236825701,0.49332005652568256
VII,B,GOVERNMENT,event,2,-4,base,0.09381577277010696,0.29838576952129364
VII,B,GOVERNMENT,event,2,-4,public security,0.07701797376619508,0.45356166295896344
VII,B,GOVERNMENT,event,2,-3,base,0.11202422001248344,0.15713383900500535
VII,B,GOVERNMENT,event,2,-3,public security,0.16368361109839905,0.2789771572162082
VII,B,GOVERNMENT,event,2,-2,base,-0.2775475899468589,0.12578802139513967
VII,B,GOVERNMENT,event,2,-2,public security,0.1310206016642958,0.40610003712856974
VII,B,GOVERNMENT,event,2,0,base,0.43918697792799777,0.2570185089810298
VII,B,GOVERNMENT,event,2,0,public security,0.04275540124732424,0.33570279482892895
VII,B,GOVERNMENT,event,2,1,base,0.7369506750047837,0.3327048765284112
VII,B,GOVERNMENT,event,2,1,public security,0.16564765672296794,0.5451082735819418
VII,B,GOVERNMENT,event,2,2,base,0.7838358032634365,0.37829300618592554
VII,B,GOVERNMENT,event,2,2,public security,0.536144156835804,0.5916566851296702
VII,B,GOVERNMENT,event,2,3,base,1.1516731435376357,0.5896274769386788
VII,B,GOVERNMENT,event,2,3,public security,0.36455944964861614,0.6705773944816678
VII,B,GOVERNMENT,event,2,4,base,1.8317487812733646,0.664607697927398
VII,B,GOVERNMENT,event,2,4,public security,0.05258206644747732,0.9171873085390649
VII,B,GOVERNMENT,event,2,5,base,2.191802912695736,0.7534815097761808
VII,B,GOVERNMENT,event,2,5,public security,-0.3644710947072229,0.9730760913855608
VII,B,GOVERNMENT,event,2,6,base,3.127151017444293,1.0206702769473845
VII,B,GOVERNMENT,event,2,6,public security,-0.6173379087354428,1.2347774290665043
VII,B,GOVERNMENT,event,2,7,base,2.9600907789473214,0.9956554654096343
VII,B,GOVERNMENT,event,2,7,public security,0.17323704008846996,1.3069327210534785
VII,B,GOVERNMENT,event,2,8,base,3.1458681661219017,1.0521504358838951
VII,B,GOVERNMENT,event,2,8,public security,-0.05651592915786259,1.4285723509214217
VII,B,GOVERNMENT,event,3,-8,base,0.042726653023363426,0.4976953155797656
VII,B,GOVERNMENT,event,3,-8,public security,-0.19879326083099805,0.45233750876615314
VII,B,GOVERNMENT,event,3,-7,base,-0.0322018767966039,0.4543942177078578
VII,B,GOVERNMENT,event,3,-7,public security,-0.3562411975843218,0.31815447138106195
VII,B,GOVERNMENT,event,3,-6,base,-0.2683103333835113,0.33863395114718214
VII,B,GOVERNMENT,event,3,-6,public security,0.022617906964823024,0.3393058523014209
VII,B,GOVERNMENT,event,3,-5,base,-0.5727880663168896,0.23977720175475012
VII,B,GOVERNMENT,event,3,-5,public security,0.35390233521932,0.35303525098428157
VII,B,GOVERNMENT,event,3,-4,base,-0.50376913202364,0.16444736148781372
VII,B,GOVERNMENT,event,3,-4,public security,0.2989192837826472,0.3210454197118015
VII,B,GOVERNMENT,event,3,-3,base,-0.27049589275556785,0.10212398180983209
VII,B,GOVERNMENT,event,3,-3,public security,0.16556142814641095,0.2952064670771023
VII,B,GOVERNMENT,event,3,-2,base,-0.40864086774666697,0.10899795658745975
VII,B,GOVERNMENT,event,3,-2,public security,-0.16297724363533858,0.1947174851693093
VII,B,GOVERNMENT,event,3,0,base,0.04894929386244806,0.25976210546770423
VII,B,GOVERNMENT,event,3,0,public security,0.37852346844845125,0.24294884959120683
VII,B,GOVERNMENT,event,3,1,base,0.4867823089487682,0.32860551881194994
VII,B,GOVERNMENT,event,3,1,public security,0.5752796854390985,0.34515988998065517
VII,B,GOVERNMENT,event,3,2,base,0.5149614006703129,0.32191835165602606
VII,B,GOVERNMENT,event,3,2,public security,0.9691367728686291,0.31165602821077304
VII,B,GOVERNMENT,event,3,3,base,0.6793859673414899,0.48806977780393307
VII,B,GOVERNMENT,event,3,3,public security,1.2146788203437562,0.5549713911121112
VII,B,GOVERNMENT,event,3,4,base,1.175425714926188,0.6056714320087508
VII,B,GOVERNMENT,event,3,4,public security,1.2775554921920476,0.7618965851413069
VII,B,GOVERNMENT,event,3,5,base,1.630393864994932,0.6420882755329046
VII,B,GOVERNMENT,event,3,5,public security,1.074062091092281,0.8585587037856137
VII,B,GOVERNMENT,event,3,6,base,2.226828575198705,0.8573237349440707
VII,B,GOVERNMENT,event,3,6,public security,1.1062135301508131,1.11144597097544
VII,B,GOVERNMENT,event,3,7,base,2.7665397508817495,0.8407917944300696
VII,B,GOVERNMENT,event,3,7,public security,1.4307109493398846,1.4368220511235568
VII,B,GOVERNMENT,event,3,8,base,3.210481986259046,0.8718935354502502
VII,B,GOVERNMENT,event,3,8,public security,1.373374070405448,1.0932312856858775
VII,B,GOVERNMENT,event_hat_lasso,4,-8,base,0.3585116411384961,0.5621556809919855
VII,B,GOVERNMENT,event_hat_lasso,4,-8,public security,0.3797993279805074,0.5767977019339595
VII,B,GOVERNMENT,event_hat_lasso,4,-7,base,0.1026470087503412,0.4137180891033231
VII,B,GOVERNMENT,event_hat_lasso,4,-7,public security,0.248062557803798,0.32710913823686305
VII,B,GOVERNMENT,event_hat_lasso,4,-6,base,0.11609634670484327,0.3466744818678699
VII,B,GOVERNMENT,event_hat_lasso,4,-6,public security,0.21224710713038555,0.3246248208915649
VII,B,GOVERNMENT,event_hat_lasso,4,-5,base,-0.11379570791242759,0.2671471861316283
VII,B,GOVERNMENT,event_hat_lasso,4,-5,public security,0.3065066987382239,0.2512286591653059
VII,B,GOVERNMENT,event_hat_lasso,4,-4,base,-0.21510153760346556,0.24272381970185578
VII,B,GOVERNMENT,event_hat_lasso,4,-4,public security,0.23424615099794383,0.23650020987120324
VII,B,GOVERNMENT,event_hat_lasso,4,-3,base,-0.18307661521318525,0.15421353144556688
VII,B,GOVERNMENT,event_hat_lasso,4,-3,public security,0.17807344302773145,0.14308305573220353
VII,B,GOVERNMENT,event_hat_lasso,4,-2,base,-0.21722039817559607,0.14357865276998202
VII,B,GOVERNMENT,event_hat_lasso,4,-2,public security,-0.038020494174670655,0.18435787619496152
VII,B,GOVERNMENT,event_hat_lasso,4,0,base,0.004410451424680003,0.09832822203218104
VII,B,GOVERNMENT,event_hat_lasso,4,0,public security,0.2615339818001149,0.14964082003969442
VII,B,GOVERNMENT,event_hat_lasso,4,1,base,-0.08718293672683551,0.15678740264200966
VII,B,GOVERNMENT,event_hat_lasso,4,1,public security,0.8054511234005497,0.25274994426684716
VII,B,GOVERNMENT,event_hat_lasso,4,2,base,-0.13159128023641445,0.19490182621250354
VII,B,GOVERNMENT,event_hat_lasso,4,2,public security,1.3142662502328233,0.2400538681760157
VII,B,GOVERNMENT,event_hat_lasso,4,3,base,-0.009009636784113706,0.24963270914245586
VII,B,GOVERNMENT,event_hat_lasso,4,3,public security,1.3849213835900573,0.3425544087116355
VII,B,GOVERNMENT,event_hat_lasso,4,4,base,0.11900532754647071,0.2911414612965439
VII,B,GOVERNMENT,event_hat_lasso,4,4,public security,1.5480819991416819,0.48771816890669084
VII,B,GOVERNMENT,event_hat_lasso,4,5,base,0.22077975118336898,0.3471603056868512
VII,B,GOVERNMENT,event_hat_lasso,4,5,public security,1.8303552378439292,0.5735446987669093
VII,B,GOVERNMENT,event_hat_lasso,4,6,base,0.4343119921975639,0.43533045720672053
VII,B,GOVERNMENT,event_hat_lasso,4,6,public security,1.8586500638137682,0.6296430256617765
VII,B,GOVERNMENT,event_hat_lasso,4,7,base,0.6440213537174816,0.5337574763720431
VII,B,GOVERNMENT,event_hat_lasso,4,7,public security,2.138655868502574,0.7956529540434845
VII,B,GOVERNMENT,event_hat_lasso,4,8,base,0.7180157707952041,0.4874596395409311
VII,B,GOVERNMENT,event_hat_lasso,4,8,public security,2.3807069496597895,0.7663003238190544
VII,B,GOVERNMENT,event_hat_lasso,5,-8,base,-0.048168295895088725,0.735649545225415
VII,B,GOVERNMENT,event_hat_lasso,5,-8,public security,0.7964026511433142,0.7882097414947453
VII,B,GOVERNMENT,event_hat_lasso,5,-7,base,-0.24705080237837757,0.5337906932113288
VII,B,GOVERNMENT,event_hat_lasso,5,-7,public security,0.545397753208966,0.4468045563338765
VII,B,GOVERNMENT,event_hat_lasso,5,-6,base,-0.17764676692004344,0.43803882650364745
VII,B,GOVERNMENT,event_hat_lasso,5,-6,public security,0.5384183064817121,0.4039953018575575
VII,B,GOVERNMENT,event_hat_lasso,5,-5,base,-0.44765727083485074,0.3443937026032244
VII,B,GOVERNMENT,event_hat_lasso,5,-5,public security,0.6439899687649386,0.3980636482293022
VII,B,GOVERNMENT,event_hat_lasso,5,-4,base,-0.5068284555844924,0.3184793959643494
VII,B,GOVERNMENT,event_hat_lasso,5,-4,public security,0.48846120293924217,0.3763537671537689
VII,B,GOVERNMENT,event_hat_lasso,5,-3,base,-0.3941317543858969,0.2059826429786539
VII,B,GOVERNMENT,event_hat_lasso,5,-3,public security,0.4340276015894655,0.2359313174298241
VII,B,GOVERNMENT,event_hat_lasso,5,-2,base,-0.3092197375576582,0.1867082724830147
VII,B,GOVERNMENT,event_hat_lasso,5,-2,public security,0.16690236551857823,0.2768101532315736
VII,B,GOVERNMENT,event_hat_lasso,5,0,base,-0.04484970075307938,0.14306129274275184
VII,B,GOVERNMENT,event_hat_lasso,5,0,public security,0.32135260429708157,0.21948163678201177
VII,B,GOVERNMENT,event_hat_lasso,5,1,base,0.07345058774195547,0.1913596205579731
VII,B,GOVERNMENT,event_hat_lasso,5,1,public security,0.5205430134673685,0.3465208623840967
VII,B,GOVERNMENT,event_hat_lasso,5,2,base,0.021863118461031717,0.21551608375282905
VII,B,GOVERNMENT,event_hat_lasso,5,2,public security,1.2050127628296166,0.3479463452394539
VII,B,GOVERNMENT,event_hat_lasso,5,3,base,0.26168452906923506,0.25106647230643697
VII,B,GOVERNMENT,event_hat_lasso,5,3,public security,1.0818066523330099,0.38180677684563186
VII,B,GOVERNMENT,event_hat_lasso,5,4,base,0.5294758370821587,0.336116187826286
VII,B,GOVERNMENT,event_hat_lasso,5,4,public security,1.1131422669103204,0.5395065349557202
VII,B,GOVERNMENT,event_hat_lasso,5,5,base,0.7661817558146029,0.4434341298558454
VII,B,GOVERNMENT,event_hat_lasso,5,5,public security,1.1672713964591381,0.661155027650205
VII,B,GOVERNMENT,event_hat_lasso,5,6,base,1.2280603576007099,0.584574673095035
VII,B,GOVERNMENT,event_hat_lasso,5,6,public security,1.0311540563247599,0.7389482713945033
VII,B,GOVERNMENT,event_hat_lasso,5,7,base,1.3522221910445313,0.6388491962624823
VII,B,GOVERNMENT,event_hat_lasso,5,7,public security,1.3259818642637111,0.8025633098302434
VII,B,GOVERNMENT,event_hat_lasso,5,8,base,1.4892536816891762,0.7089701230804256
VII,B,GOVERNMENT,event_hat_lasso,5,8,public security,1.4120035753533335,0.9179837369309066
VII,B,GOVERNMENT,event_hat_lasso,6,-8,base,-0.5952164510993145,0.5338772604775367
VII,B,GOVERNMENT,event_hat_lasso,6,-8,public security,0.2118417171867152,0.5584097703829184
VII,B,GOVERNMENT,event_hat_lasso,6,-7,base,-0.687886476657177,0.3835995327807038
VII,B,GOVERNMENT,event_hat_lasso,6,-7,public security,0.10613110389749301,0.3025585259547518
VII,B,GOVERNMENT,event_hat_lasso,6,-6,base,-0.5409530901379141,0.3020302608980636
VII,B,GOVERNMENT,event_hat_lasso,6,-6,public security,0.09570067216876413,0.331495984452118
VII,B,GOVERNMENT,event_hat_lasso,6,-5,base,-0.6480474992762378,0.28617104668645676
VII,B,GOVERNMENT,event_hat_lasso,6,-5,public security,0.17574345655564677,0.24573623283847754
VII,B,GOVERNMENT,event_hat_lasso,6,-4,base,-0.6172757200533499,0.25311688622053813
VII,B,GOVERNMENT,event_hat_lasso,6,-4,public security,0.14435559636882883,0.22573071606488979
VII,B,GOVERNMENT,event_hat_lasso,6,-3,base,-0.44669190261257924,0.16215009792008842
VII,B,GOVERNMENT,event_hat_lasso,6,-3,public security,0.10854779384343435,0.13814618963866448
VII,B,GOVERNMENT,event_hat_lasso,6,-2,base,-0.3530624730185658,0.14845296438041944
VII,B,GOVERNMENT,event_hat_lasso,6,-2,public security,-0.0882483839346434,0.1729092925042513
VII,B,GOVERNMENT,event_hat_lasso,6,0,base,0.09994617223815255,0.09149460445274486
VII,B,GOVERNMENT,event_hat_lasso,6,0,public security,0.25039085318229926,0.1305298218302322
VII,B,GOVERNMENT,event_hat_lasso,6,1,base,0.19099325367787853,0.1449572733401253
VII,B,GOVERNMENT,event_hat_lasso,6,1,public security,0.6215025338440879,0.22441489238853574
VII,B,GOVERNMENT,event_hat_lasso,6,2,base,0.3254465132914212,0.17121870586075597
VII,B,GOVERNMENT,event_hat_lasso,6,2,public security,1.0998754818964684,0.2147739824731767
VII,B,GOVERNMENT,event_hat_lasso,6,3,base,0.46272287272724555,0.21551494615767794
VII,B,GOVERNMENT,event_hat_lasso,6,3,public security,1.2527285698362116,0.2770065023436903
VII,B,GOVERNMENT,event_hat_lasso,6,4,base,0.7328984962162679,0.26811159947927615
VII,B,GOVERNMENT,event_hat_lasso,6,4,public security,1.4243945295455824,0.41197380262798955
VII,B,GOVERNMENT,event_hat_lasso,6,5,base,1.0342244256349071,0.3499833637560786
VII,B,GOVERNMENT,event_hat_lasso,6,5,public security,1.5151088479111658,0.5226464814659721
VII,B,GOVERNMENT,event_hat_lasso,6,6,base,1.3999182861665032,0.4653281394273433
VII,B,GOVERNMENT,event_hat_lasso,6,6,public security,1.5044045404365032,0.6038838469685326
VII,B,GOVERNMENT,event_hat_lasso,6,7,base,1.8130142012093766,0.5666791961732699
VII,B,GOVERNMENT,event_hat_lasso,6,7,public security,1.7261000013892815,0.7664391285033173
VII,B,GOVERNMENT,event_hat_lasso,6,8,base,2.0546007147629086,0.6426791371839817
VII,B,GOVERNMENT,event_hat_lasso,6,8,public security,1.9371318540340803,0.7589972864250316
VII,C,BUSINESS,event,1,-8,base,2.211803607644949,1.4441131082271073
VII,C,BUSINESS,event,1,-8,public security,-0.6565606220708085,0.43848704876575384
VII,C,BUSINESS,event,1,-7,base,1.7481341976748734,1.1545697427303316
VII,C,BUSINESS,event,1,-7,public security,-0.7544008473369159,0.45893659505302076
VII,C,BUSINESS,event,1,-6,base,1.3279637705419112,0.8946674258342023
VII,C,BUSINESS,event,1,-6,public security,-0.5789822090254975,0.32494182259189097
VII,C,BUSINESS,event,1,-5,base,0.6199403733455157,0.4753069858879842
VII,C,BUSINESS,event,1,-5,public security,-0.07698412920588293,0.205018107777118
VII,C,BUSINESS,event,1,-4,base,0.31479133683639443,0.33051016507908526
VII,C,BUSINESS,event,1,-4,public security,0.15984106879222723,0.2935469822423957
VII,C,BUSINESS,event,1,-3,base,0.1564239568811633,0.16735843042976054
VII,C,BUSINESS,event,1,-3,public security,-0.08508690828146809,0.17980723620323968
VII,C,BUSINESS,event,1,-2,base,-0.13316359360510027,0.09763990639208081
VII,C,BUSINESS,event,1,-2,public security,-0.18352939663368747,0.3095387501366458
VII,C,BUSINESS,event,1,0,base,-0.8942149010658964,0.7758675789281416
VII,C,BUSINESS,event,1,0,public security,1.3937141666752768,0.9516724960730847
VII,C,BUSINESS,event,1,1,base,-0.9776995702371523,0.9404020554939752
VII,C,BUSINESS,event,1,1,public security,2.0938269812607992,1.261469240183204
VII,C,BUSINESS,event,1,2,base,-1.1505583278274851,1.1296229592523186
VII,C,BUSINESS,event,1,2,public security,2.251547887588596,1.2474988514574044
VII,C,BUSINESS,event,1,3,base,-1.3668102635435946,1.330435208661445
VII,C,BUSINESS,event,1,3,public security,2.8533252029234606,1.4982143093602593
VII,C,BUSINESS,event,1,4,base,-1.3524685089409405,1.4623942693872904
VII,C,BUSINESS,event,1,4,public security,3.4913071049055118,1.958633092488608
VII,C,BUSINESS,event,1,5,base,-1.4674936161113792,1.477618183955273
VII,C,BUSINESS,event,1,5,public security,3.668080793889055,1.8491580525142797
VII,C,BUSINESS,event,1,6,base,-1.4253233597325727,1.7567552183660782
VII,C,BUSINESS,event,1,6,public security,4.016561933322729,1.93438100968027
VII,C,BUSINESS,event,1,7,base,-2.06266576302254,2.0358987395066306
VII,C,BUSINESS,event,1,7,public security,5.659558239239719,2.5807960250272224
VII,C,BUSINESS,event,1,8,base,-0.4631425400381073,0.8941104821495406
VII,C,BUSINESS,event,1,8,public security,5.552290017506473,2.230400513913158
VII,C,BUSINESS,event,2,-8,base,1.681659826913054,1.0117915447304333
VII,C,BUSINESS,event,2,-8,public security,-0.9331425489039158,0.5476745739731058
VII,C,BUSINESS,event,2,-7,base,1.178771846438782,0.7803355521167241
VII,C,BUSINESS,event,2,-7,public security,-0.6917125640303737,0.4337423894989224
VII,C,BUSINESS,event,2,-6,base,1.0881832925531336,0.7165980064855687
VII,C,BUSINESS,event,2,-6,public security,-0.6893667277455672,0.4418528977654169
VII,C,BUSINESS,event,2,-5,base,0.26817662140745824,0.29779380448362913
VII,C,BUSINESS,event,2,-5,public security,-0.039903366303247756,0.41307169076915645
VII,C,BUSINESS,event,2,-4,base,0.14045456993456765,0.2678757062140053
VII,C,BUSINESS,event,2,-4,public security,-0.007401084909812109,0.392353787681423
VII,C,BUSINESS,event,2,-3,base,0.0345563253198629,0.12098179085944508
VII,C,BUSINESS,event,2,-3,public security,-0.20741846576026052,0.31615379451482556
VII,C,BUSINESS,event,2,-2,base,-0.07571603204763597,0.10659080260594747
VII,C,BUSINESS,event,2,-2,public security,-0.23119507584028265,0.429585018233189
VII,C,BUSINESS,event,2,0,base,0.06114649043075232,0.1228430299400044
VII,C,BUSINESS,event,2,0,public security,0.21273489171216892,0.2052923757651804
VII,C,BUSINESS,event,2,1,base,0.22160164039010333,0.1774544780290068
VII,C,BUSINESS,event,2,1,public security,0.5395272630791432,0.3181646038834831
VII,C,BUSINESS,event,2,2,base,0.4069151771582838,0.26814456210356163
VII,C,BUSINESS,event,2,2,public security,0.4721135728189194,0.4895463767989668
VII,C,BUSINESS,event,2,3,base,0.2399535652221095,0.295010857434931
VII,C,BUSINESS,event,2,3,public security,0.6631955389064532,0.5290918897470046
VII,C,BUSINESS,event,2,4,base,0.5871185088666742,0.4256278703395787
VII,C,BUSINESS,event,2,4,public security,0.48628485355095896,0.8699703151027817
VII,C,BUSINESS,event,2,5,base,0.6040052487631777,0.4302806226915532
VII,C,BUSINESS,event,2,5,public security,0.2907358595557859,1.0387661712844367
VII,C,BUSINESS,event,2,6,base,1.2212549653914726,0.5779061296917288
VII,C,BUSINESS,event,2,6,public security,0.5112476501229015,1.2220150374552434
VII,C,BUSINESS,event,2,7,base,0.7429847724869741,0.5550072378141823
VII,C,BUSINESS,event,2,7,public security,1.5287151716086784,1.374816845990213
VII,C,BUSINESS,event,2,8,base,0.813373375561474,0.6126361492893322
VII,C,BUSINESS,event,2,8,public security,1.9488838724336928,1.6069147875058265
VII,C,BUSINESS,event,3,-8,base,0.26907345802446486,0.451919609934364
VII,C,BUSINESS,event,3,-8,public security,-0.7681831759196205,0.5221244947853331
VII,C,BUSINESS,event,3,-7,base,0.12113540996959832,0.3329782430245169
VII,C,BUSINESS,event,3,-7,public security,-0.7255100611733071,0.46160767987123663
VII,C,BUSINESS,event,3,-6,base,0.02237779363587457,0.26305601279596996
VII,C,BUSINESS,event,3,-6,public security,-0.5808028443563475,0.3472164752361777
VII,C,BUSINESS,event,3,-5,base,-0.4231521882304067,0.1664919260207956
VII,C,BUSINESS,event,3,-5,public security,-0.11360941320969091,0.20451840322986203
VII,C,BUSINESS,event,3,-4,base,-0.4185332832630069,0.11084433543267877
VII,C,BUSINESS,event,3,-4,public security,0.15159488745707922,0.26857264406986714
VII,C,BUSINESS,event,3,-3,base,-0.288191329146136,0.0846998598565174
VII,C,BUSINESS,event,3,-3,public security,-0.1006376550187937,0.18680693286940703
VII,C,BUSINESS,event,3,-2,base,-0.26848226923606056,0.09764328086573257
VII,C,BUSINESS,event,3,-2,public security,-0.2918899905908595,0.2101164893596228
VII,C,BUSINESS,event,3,0,base,-0.770249793287111,0.671716276796069
VII,C,BUSINESS,event,3,0,public security,1.2585547233408738,0.8056043629327545
VII,C,BUSINESS,event,3,1,base,-0.4962129821181595,0.6763343804249222
VII,C,BUSINESS,event,3,1,public security,1.5705263973449664,0.8907011718301614
VII,C,BUSINESS,event,3,2,base,-0.2552087622976483,0.6879214753063067
VII,C,BUSINESS,event,3,2,public security,1.643904352724275,0.9150747946895821
VII,C,BUSINESS,event,3,3,base,-0.4581837200320644,0.786019581505714
VII,C,BUSINESS,event,3,3,public security,2.3057292324847687,1.0404660428818489
VII,C,BUSINESS,event,3,4,base,-0.23849894547095915,0.7897907986946977
VII,C,BUSINESS,event,3,4,public security,2.8077262507697465,1.4185632076658092
VII,C,BUSINESS,event,3,5,base,0.07491579048426858,0.6015708502574073
VII,C,BUSINESS,event,3,5,public security,2.8772199313661373,1.2932428944566143
VII,C,BUSINESS,event,3,6,base,0.48174608369782634,0.682791240857737
VII,C,BUSINESS,event,3,6,public security,3.2541135861245367,1.4537612644422118
VII,C,BUSINESS,event,3,7,base,0.20981229440507776,0.7562389473811177
VII,C,BUSINESS,event,3,7,public security,4.696905286254984,2.0095163114105015
VII,C,BUSINESS,event,3,8,base,1.866519672160254,0.6658585426783982
VII,C,BUSINESS,event,3,8,public security,4.566108724259829,1.5574491947046811
VII,C,BUSINESS,event_hat_lasso,4,-8,base,0.590793322876475,0.6557616005362953
VII,C,BUSINESS,event_hat_lasso,4,-8,public security,-0.014457858408051525,0.29387164289732426
VII,C,BUSINESS,event_hat_lasso,4,-7,base,0.4710776023008152,0.5411490388170828
VII,C,BUSINESS,event_hat_lasso,4,-7,public security,-0.038617106280735745,0.2651142963827718
VII,C,BUSINESS,event_hat_lasso,4,-6,base,0.47149955812234445,0.44941869472715856
VII,C,BUSINESS,event_hat_lasso,4,-6,public security,-0.13900339607247736,0.2629217615496104
VII,C,BUSINESS,event_hat_lasso,4,-5,base,0.21255530469117767,0.24579935511104758
VII,C,BUSINESS,event_hat_lasso,4,-5,public security,0.02683781113487897,0.20998361750747946
VII,C,BUSINESS,event_hat_lasso,4,-4,base,-0.04691744000869626,0.20257162199068984
VII,C,BUSINESS,event_hat_lasso,4,-4,public security,0.23163454120698926,0.1973727185742299
VII,C,BUSINESS,event_hat_lasso,4,-3,base,-0.11394143687406806,0.14402181449373813
VII,C,BUSINESS,event_hat_lasso,4,-3,public security,0.18341160102597473,0.15112770719659968
VII,C,BUSINESS,event_hat_lasso,4,-2,base,-0.018597824466006274,0.08338508580352456
VII,C,BUSINESS,event_hat_lasso,4,-2,public security,-0.14177030926635834,0.15157671651225202
VII,C,BUSINESS,event_hat_lasso,4,0,base,-0.26094863298972876,0.44282411394815674
VII,C,BUSINESS,event_hat_lasso,4,0,public security,0.7210898632142323,0.5533431884059856
VII,C,BUSINESS,event_hat_lasso,4,1,base,-0.3438560427083469,0.4944677347209065
VII,C,BUSINESS,event_hat_lasso,4,1,public security,1.3028285810672624,0.6364368265041427
VII,C,BUSINESS,event_hat_lasso,4,2,base,-0.23748310571377465,0.591713175810981
VII,C,BUSINESS,event_hat_lasso,4,2,public security,1.4584909770218322,0.6640587334898924
VII,C,BUSINESS,event_hat_lasso,4,3,base,-0.24308777717900273,0.7017805555962434
VII,C,BUSINESS,event_hat_lasso,4,3,public security,1.515853250835049,0.771793683815673
VII,C,BUSINESS,event_hat_lasso,4,4,base,-0.19260190202783006,0.7979540461722648
VII,C,BUSINESS,event_hat_lasso,4,4,public security,1.8209503359515353,1.0085091047468697
VII,C,BUSINESS,event_hat_lasso,4,5,base,-0.1510613015575925,0.8195129354546898
VII,C,BUSINESS,event_hat_lasso,4,5,public security,2.1182497614896194,1.0209269593235741
VII,C,BUSINESS,event_hat_lasso,4,6,base,0.08437297898939257,0.8970953392619064
VII,C,BUSINESS,event_hat_lasso,4,6,public security,2.2518923569046225,1.0489579674114646
VII,C,BUSINESS,event_hat_lasso,4,7,base,-0.09655127728607399,0.996938739975067
VII,C,BUSINESS,event_hat_lasso,4,7,public security,3.1384252073044845,1.315572089140546
VII,C,BUSINESS,event_hat_lasso,4,8,base,0.5152069937893682,0.5214095473206445
VII,C,BUSINESS,event_hat_lasso,4,8,public security,3.2205001559607935,1.0406692392315218
VII,C,BUSINESS,event_hat_lasso,5,-8,base,0.1372303778073986,0.43415926798821647
VII,C,BUSINESS,event_hat_lasso,5,-8,public security,0.05132593164601666,0.3660357658553069
VII,C,BUSINESS,event_hat_lasso,5,-7,base,0.1440609887644081,0.3858640424686842
VII,C,BUSINESS,event_hat_lasso,5,-7,public security,0.04891255329442973,0.2679095601939076
VII,C,BUSINESS,event_hat_lasso,5,-6,base,0.3290911846678371,0.35698206477583894
VII,C,BUSINESS,event_hat_lasso,5,-6,public security,-0.17774260038689285,0.3048132936547659
VII,C,BUSINESS,event_hat_lasso,5,-5,base,-0.054864277705370806,0.2027365306961621
VII,C,BUSINESS,event_hat_lasso,5,-5,public security,0.14724447240294275,0.35919868588844056
VII,C,BUSINESS,event_hat_lasso,5,-4,base,-0.2550630277396739,0.1455131060475857
VII,C,BUSINESS,event_hat_lasso,5,-4,public security,0.27818359884586313,0.28403471884161346
VII,C,BUSINESS,event_hat_lasso,5,-3,base,-0.2775313555998015,0.12724587432153053
VII,C,BUSINESS,event_hat_lasso,5,-3,public security,0.2822941560293503,0.2574243340549887
VII,C,BUSINESS,event_hat_lasso,5,-2,base,-0.03712040023600877,0.11186544656344685
VII,C,BUSINESS,event_hat_lasso,5,-2,public security,-0.14461838177835337,0.24212180883562265
VII,C,BUSINESS,event_hat_lasso,5,0,base,0.15382815253752086,0.1045657165188997
VII,C,BUSINESS,event_hat_lasso,5,0,public security,0.22549139446872016,0.13626521999263772
VII,C,BUSINESS,event_hat_lasso,5,1,base,0.1783166015910561,0.13304511529290647
VII,C,BUSINESS,event_hat_lasso,5,1,public security,0.6139088283569363,0.21145932475255674
VII,C,BUSINESS,event_hat_lasso,5,2,base,0.3911430646480489,0.19295553500896415
VII,C,BUSINESS,event_hat_lasso,5,2,public security,0.7746374475008043,0.3067709784617489
VII,C,BUSINESS,event_hat_lasso,5,3,base,0.4876868158103898,0.2118820050405663
VII,C,BUSINESS,event_hat_lasso,5,3,public security,0.5868287374905358,0.31054516770835494
VII,C,BUSINESS,event_hat_lasso,5,4,base,0.6676109756876604,0.2848224643882877
VII,C,BUSINESS,event_hat_lasso,5,4,public security,0.5566082240665636,0.4197019830824746
VII,C,BUSINESS,event_hat_lasso,5,5,base,0.7675271275062896,0.3414764793012738
VII,C,BUSINESS,event_hat_lasso,5,5,public security,0.6031949715854356,0.518723813034874
VII,C,BUSINESS,event_hat_lasso,5,6,base,1.220276901658774,0.39581331982216683
VII,C,BUSINESS,event_hat_lasso,5,6,public security,0.6673887435815898,0.5949913918767653
VII,C,BUSINESS,event_hat_lasso,5,7,base,1.1271464953149224,0.3842492544342041
VII,C,BUSINESS,event_hat_lasso,5,7,public security,1.2747328035030934,0.6178227588346
VII,C,BUSINESS,event_hat_lasso,5,8,base,1.175608476639477,0.41157241064371686
VII,C,BUSINESS,event_hat_lasso,5,8,public security,1.5641291688118417,0.6249351108707499
VII,C,BUSINESS,event_hat_lasso,6,-8,base,-0.34504411953615477,0.22610499191301067
VII,C,BUSINESS,event_hat_lasso,6,-8,public security,-0.1339388791106809,0.3549925934960374
VII,C,BUSINESS,event_hat_lasso,6,-7,base,-0.3235788878561307,0.18550168957223323
VII,C,BUSINESS,event_hat_lasso,6,-7,public security,-0.07788508737253465,0.30534859346849597
VII,C,BUSINESS,event_hat_lasso,6,-6,base,-0.16167001404053202,0.1556123682590129
VII,C,BUSINESS,event_hat_lasso,6,-6,public security,-0.20981106800637708,0.29531036020177914
VII,C,BUSINESS,event_hat_lasso,6,-5,base,-0.2977691019152718,0.13010776361185566
VII,C,BUSINESS,event_hat_lasso,6,-5,public security,-0.08828661553293886,0.17642998062293527
VII,C,BUSINESS,event_hat_lasso,6,-4,base,-0.4533249636539805,0.11897515410218644
VII,C,BUSINESS,event_hat_lasso,6,-4,public security,0.1598306190022303,0.1738100727143956
VII,C,BUSINESS,event_hat_lasso,6,-3,base,-0.3495276412669431,0.10310704381528854
VII,C,BUSINESS,event_hat_lasso,6,-3,public security,0.11033535295187191,0.15123013618397377
VII,C,BUSINESS,event_hat_lasso,6,-2,base,-0.1176691821097884,0.07824681511391939
VII,C,BUSINESS,event_hat_lasso,6,-2,public security,-0.22687977942874182,0.1376952330607162
VII,C,BUSINESS,event_hat_lasso,6,0,base,-0.19284862644828413,0.38005042304943426
VII,C,BUSINESS,event_hat_lasso,6,0,public security,0.7184628778821447,0.48010499363306225
VII,C,BUSINESS,event_hat_lasso,6,1,base,-0.09221243612528633,0.36289881775740734
VII,C,BUSINESS,event_hat_lasso,6,1,public security,1.1117943206653724,0.5135261720231936
VII,C,BUSINESS,event_hat_lasso,6,2,base,0.21672550870889845,0.4006216395562957
VII,C,BUSINESS,event_hat_lasso,6,2,public security,1.2519564616858014,0.5739961364603434
VII,C,BUSINESS,event_hat_lasso,6,3,base,0.22352963542604593,0.4357505756485721
VII,C,BUSINESS,event_hat_lasso,6,3,public security,1.3799400308555825,0.6101862268322308
VII,C,BUSINESS,event_hat_lasso,6,4,base,0.4284289880409998,0.47330148793757193
VII,C,BUSINESS,event_hat_lasso,6,4,public security,1.676941936333997,0.831115971519687
VII,C,BUSINESS,event_hat_lasso,6,5,base,0.655958070469422,0.4348201243380032
VII,C,BUSINESS,event_hat_lasso,6,5,public security,1.8431965327611692,0.8118070129872932
VII,C,BUSINESS,event_hat_lasso,6,6,base,1.0291737957664775,0.44895505906855493
VII,C,BUSINESS,event_hat_lasso,6,6,public security,1.9539512963013153,0.8642306080457457
VII,C,BUSINESS,event_hat_lasso,6,7,base,1.015602615457714,0.49212250877884467
VII,C,BUSINESS,event_hat_lasso,6,7,public security,2.7770179422642727,1.1222969268962077
VII,C,BUSINESS,event_hat_lasso,6,8,base,1.8139554433238074,0.45341990937344423
VII,C,BUSINESS,event_hat_lasso,6,8,public security,2.823018177872182,0.8233151275372101
