table,panel,outcome,unrest,column,term,coef,se,N,clusters,omitted,estimator
VI,A,ALL,event,1,8 quarters after contract,10.783475031503054,3.8884163638023943,7881,38,q_47;q_48;semi_to_f_x_with_c;semi_to_f_x_ca;police_data,"sp.feols (HDFE firm FE, CRV1 place, reghdfe small) + addQuarterInter"
VI,A,ALL,event,2,8 quarters after contract,11.274963059204032,3.3148812853396334,7881,38,q_47;q_48;semi_to_f_x_with_c;semi_to_f_x_ca;police_data,"sp.feols (HDFE firm FE, CRV1 place, reghdfe small) + addQuarterInter"
VI,A,ALL,event,3,8 quarters after contract,13.12313030317814,3.0505206674579037,7881,38,q_47;q_48;semi_to_f_x_with_c;semi_to_f_x_ca;police_data,"sp.feols (HDFE firm FE, CRV1 place, reghdfe small) + addQuarterInter"
VI,A,ALL,event_hat_lasso,4,8 quarters after contract,9.238167985443676,2.076496679274623,14791,81,semi_to_f_x_with_c;semi_to_f_x_ca;police_data,"sp.feols (HDFE firm FE, CRV1 place, reghdfe small) + addQuarterInter"
VI,A,ALL,event_hat_lasso,5,8 quarters after contract,9.672939244181716,2.0713261857731413,14791,81,semi_to_f_x_with_c;semi_to_f_x_ca;police_data,"sp.feols (HDFE firm FE, CRV1 place, reghdfe small) + addQuarterInter"
VI,A,ALL,event_hat_lasso,6,8 quarters after contract,11.105314597068986,1.9261354681056617,14791,81,semi_to_f_x_with_c;semi_to_f_x_ca;police_data,"sp.feols (HDFE firm FE, CRV1 place, reghdfe small) + addQuarterInter"
VI,B,GOVERNMENT,event,1,8 quarters after contract,3.4807424340871327,1.4945175927519478,7494,38,q_47;q_48;semi_to_f_x_with_c;semi_to_f_x_ca;police_data,"sp.feols (HDFE firm FE, CRV1 place, reghdfe small) + addQuarterInter"
VI,B,GOVERNMENT,event,2,8 quarters after contract,3.5922122825828553,1.3809224240368574,7494,38,q_47;q_48;semi_to_f_x_with_c;semi_to_f_x_ca;police_data,"sp.feols (HDFE firm FE, CRV1 place, reghdfe small) + addQuarterInter"
VI,B,GOVERNMENT,event,3,8 quarters after contract,4.1957558269343656,1.3604141642222491,7494,38,q_47;q_48;semi_to_f_x_with_c;semi_to_f_x_ca;police_data,"sp.feols (HDFE firm FE, CRV1 place, reghdfe small) + addQuarterInter"
VI,B,GOVERNMENT,event_hat_lasso,4,8 quarters after contract,3.1050497055019752,0.9129537977195464,14061,81,semi_to_f_x_with_c;semi_to_f_x_ca;police_data,"sp.feols (HDFE firm FE, CRV1 place, reghdfe small) + addQuarterInter"
VI,B,GOVERNMENT,event_hat_lasso,5,8 quarters after contract,3.1739223610756593,0.9093402795427185,14061,81,semi_to_f_x_with_c;semi_to_f_x_ca;police_data,"sp.feols (HDFE firm FE, CRV1 place, reghdfe small) + addQuarterInter"
VI,B,GOVERNMENT,event_hat_lasso,6,8 quarters after contract,3.7530336345607367,0.9464005214056954,14061,81,semi_to_f_x_with_c;semi_to_f_x_ca;police_data,"sp.feols (HDFE firm FE, CRV1 place, reghdfe small) + addQuarterInter"
VI,C,BUSINESS,event,1,8 quarters after contract,5.071353793303135,2.281730682618163,7516,38,q_47;q_48;semi_to_f_x_with_c;semi_to_f_x_ca;police_data,"sp.feols (HDFE firm FE, CRV1 place, reghdfe small) + addQuarterInter"
VI,C,BUSINESS,event,2,8 quarters after contract,5.314368277779085,1.9237339746659532,7516,38,q_47;q_48;semi_to_f_x_with_c;semi_to_f_x_ca;police_data,"sp.feols (HDFE firm FE, CRV1 place, reghdfe small) + addQuarterInter"
VI,C,BUSINESS,event,3,8 quarters after contract,5.964295407458968,1.7905944355057433,7516,38,q_47;q_48;semi_to_f_x_with_c;semi_to_f_x_ca;police_data,"sp.feols (HDFE firm FE, CRV1 place, reghdfe small) + addQuarterInter"
VI,C,BUSINESS,event_hat_lasso,4,8 quarters after contract,3.7598600594916385,1.1403143987511832,14136,81,semi_to_f_x_with_c;semi_to_f_x_ca;police_data,"sp.feols (HDFE firm FE, CRV1 place, reghdfe small) + addQuarterInter"
VI,C,BUSINESS,event_hat_lasso,5,8 quarters after contract,3.8970257341287033,1.1491653236889956,14136,81,semi_to_f_x_with_c;semi_to_f_x_ca;police_data,"sp.feols (HDFE firm FE, CRV1 place, reghdfe small) + addQuarterInter"
VI,C,BUSINESS,event_hat_lasso,6,8 quarters after contract,4.396816684030292,0.9636168075355894,14136,81,semi_to_f_x_with_c;semi_to_f_x_ca;police_data,"sp.feols (HDFE firm FE, CRV1 place, reghdfe small) + addQuarterInter"
VII,A,ALL,event,1,8 quarters before contract,4.778861491042649,3.055655085745769,7883,38,q_47;q_48;semi_to_f_x_with_c;semi_to_f_x_ca;police_data,"sp.feols (HDFE firm + quarter FE, CRV1 place, reghdfe small)"
VII,A,ALL,event,1,8 quarters before contract x public security,-1.4850117663008282,1.0411711699288688,7883,38,q_47;q_48;semi_to_f_x_with_c;semi_to_f_x_ca;police_data,"sp.feols (HDFE firm + quarter FE, CRV1 place, reghdfe small)"
VII,A,ALL,event,1,8 quarters after contract,1.0137030261112372,1.5510775811909476,7883,38,q_47;q_48;semi_to_f_x_with_c;semi_to_f_x_ca;police_data,"sp.feols (HDFE firm + quarter FE, CRV1 place, reghdfe small)"
VII,A,ALL,event,1,8 quarters after contract x public security,9.751283028923618,3.2899000662989817,7883,38,q_47;q_48;semi_to_f_x_with_c;semi_to_f_x_ca;police_data,"sp.feols (HDFE firm + quarter FE, CRV1 place, reghdfe small)"
VII,A,ALL,event,2,8 quarters before contract,3.3827847545376137,2.071686527678741,4548,34,q_47;q_48;semi_to_f_x_with_c;semi_to_f_x_ca;police_data;scale;capital_usd_m,"sp.feols (HDFE firm + quarter FE, CRV1 place, reghdfe small)"
VII,A,ALL,event,2,8 quarters before contract x public security,-1.5573921465961766,1.4400173558185951,4548,34,q_47;q_48;semi_to_f_x_with_c;semi_to_f_x_ca;police_data;scale;capital_usd_m,"sp.feols (HDFE firm + quarter FE, CRV1 place, reghdfe small)"
VII,A,ALL,event,2,8 quarters after contract,4.520727428709344,1.888097089122271,4548,34,q_47;q_48;semi_to_f_x_with_c;semi_to_f_x_ca;police_data;scale;capital_usd_m,"sp.feols (HDFE firm + quarter FE, CRV1 place, reghdfe small)"
VII,A,ALL,event,2,8 quarters after contract x public security,4.051938011401638,3.6895492749447016,4548,34,q_47;q_48;semi_to_f_x_with_c;semi_to_f_x_ca;police_data;scale;capital_usd_m,"sp.feols (HDFE firm + quarter FE, CRV1 place, reghdfe small)"
VII,A,ALL,event,3,8 quarters before contract,0.3259870976313905,1.113834279598085,7883,38,q_47;q_48;semi_to_f_x_with_c;semi_to_f_x_ca;police_data,"sp.feols (HDFE firm + quarter FE, CRV1 place, reghdfe small)"
VII,A,ALL,event,3,8 quarters before contract x public security,-1.603937912102871,1.0592985268239425,7883,38,q_47;q_48;semi_to_f_x_with_c;semi_to_f_x_ca;police_data,"sp.feols (HDFE firm + quarter FE, CRV1 place, reghdfe small)"
VII,A,ALL,event,3,8 quarters after contract,6.311304634295677,1.6918809792860843,7883,38,q_47;q_48;semi_to_f_x_with_c;semi_to_f_x_ca;police_data,"sp.feols (HDFE firm + quarter FE, CRV1 place, reghdfe small)"
VII,A,ALL,event,3,8 quarters after contract x public security,7.9628598621517925,2.4502517221274993,7883,38,q_47;q_48;semi_to_f_x_with_c;semi_to_f_x_ca;police_data,"sp.feols (HDFE firm + quarter FE, CRV1 place, reghdfe small)"
VII,A,ALL,event_hat_lasso,4,8 quarters before contract,1.5285183553970665,1.5406996378576538,14792,81,semi_to_f_x_with_c;semi_to_f_x_ca;police_data,"sp.feols (HDFE firm + quarter FE, CRV1 place, reghdfe small)"
VII,A,ALL,event_hat_lasso,4,8 quarters before contract x public security,0.22827166215858755,1.265732313013228,14792,81,semi_to_f_x_with_c;semi_to_f_x_ca;police_data,"sp.feols (HDFE firm + quarter FE, CRV1 place, reghdfe small)"
VII,A,ALL,event_hat_lasso,4,8 quarters after contract,1.8096216548720898,1.0173719666913914,14792,81,semi_to_f_x_with_c;semi_to_f_x_ca;police_data,"sp.feols (HDFE firm + quarter FE, CRV1 place, reghdfe small)"
VII,A,ALL,event_hat_lasso,4,8 quarters after contract x public security,7.445262431308337,1.8242587769696557,14792,81,semi_to_f_x_with_c;semi_to_f_x_ca;police_data,"sp.feols (HDFE firm + quarter FE, CRV1 place, reghdfe small)"
VII,A,ALL,event_hat_lasso,5,8 quarters before contract,0.5760877227899469,1.5238679623629445,9806,75,semi_to_f_x_with_c;semi_to_f_x_ca;police_data;scale;capital_usd_m,"sp.feols (HDFE firm + quarter FE, CRV1 place, reghdfe small)"
VII,A,ALL,event_hat_lasso,5,8 quarters before contract x public security,0.43375355081476663,1.472161234063441,9806,75,semi_to_f_x_with_c;semi_to_f_x_ca;police_data;scale;capital_usd_m,"sp.feols (HDFE firm + quarter FE, CRV1 place, reghdfe small)"
VII,A,ALL,event_hat_lasso,5,8 quarters after contract,3.9636481822401928,1.313020482707627,9806,75,semi_to_f_x_with_c;semi_to_f_x_ca;police_data;scale;capital_usd_m,"sp.feols (HDFE firm + quarter FE, CRV1 place, reghdfe small)"
VII,A,ALL,event_hat_lasso,5,8 quarters after contract x public security,4.054393291677894,1.689047264558374,9806,75,semi_to_f_x_with_c;semi_to_f_x_ca;police_data;scale;capital_usd_m,"sp.feols (HDFE firm + quarter FE, CRV1 place, reghdfe small)"
VII,A,ALL,event_hat_lasso,6,8 quarters before contract,-1.057650894014001,0.9254579258602943,14792,81,semi_to_f_x_with_c;semi_to_f_x_ca;police_data,"sp.feols (HDFE firm + quarter FE, CRV1 place, reghdfe small)"
VII,A,ALL,event_hat_lasso,6,8 quarters before contract x public security,-0.05736128050125776,1.3095277155288856,14792,81,semi_to_f_x_with_c;semi_to_f_x_ca;police_data,"sp.feols (HDFE firm + quarter FE, CRV1 place, reghdfe small)"
VII,A,ALL,event_hat_lasso,6,8 quarters after contract,5.474002280643103,1.2898964460839752,14792,81,semi_to_f_x_with_c;semi_to_f_x_ca;police_data,"sp.feols (HDFE firm + quarter FE, CRV1 place, reghdfe small)"
VII,A,ALL,event_hat_lasso,6,8 quarters after contract x public security,6.313583717040954,1.5420046106865621,14792,81,semi_to_f_x_with_c;semi_to_f_x_ca;police_data,"sp.feols (HDFE firm + quarter FE, CRV1 place, reghdfe small)"
VII,B,GOVERNMENT,event,1,8 quarters before contract,1.628254660389106,1.005398473236705,7493,38,q_47;q_48;semi_to_f_x_with_c;semi_to_f_x_ca;police_data,"sp.feols (HDFE firm + quarter FE, CRV1 place, reghdfe small)"
VII,B,GOVERNMENT,event,1,8 quarters before contract x public security,-0.11794229712862203,0.45233420803789864,7493,38,q_47;q_48;semi_to_f_x_with_c;semi_to_f_x_ca;police_data,"sp.feols (HDFE firm + quarter FE, CRV1 place, reghdfe small)"
VII,B,GOVERNMENT,event,1,8 quarters after contract,1.2581732014152225,0.8011568178174954,7493,38,q_47;q_48;semi_to_f_x_with_c;semi_to_f_x_ca;police_data,"sp.feols (HDFE firm + quarter FE, CRV1 place, reghdfe small)"
VII,B,GOVERNMENT,event,1,8 quarters after contract x public security,2.229749845912465,1.3295372017107883,7493,38,q_47;q_48;semi_to_f_x_with_c;semi_to_f_x_ca;police_data,"sp.feols (HDFE firm + quarter FE, CRV1 place, reghdfe small)"
VII,B,GOVERNMENT,event,2,8 quarters before contract,0.859910553493452,0.6353722227401001,4345,34,q_47;q_48;semi_to_f_x_with_c;semi_to_f_x_ca;police_data;scale;capital_usd_m,"sp.feols (HDFE firm + quarter FE, CRV1 place, reghdfe small)"
VII,B,GOVERNMENT,event,2,8 quarters before contract x public security,0.23060439267655333,0.5957043451291796,4345,34,q_47;q_48;semi_to_f_x_with_c;semi_to_f_x_ca;police_data;scale;capital_usd_m,"sp.feols (HDFE firm + quarter FE, CRV1 place, reghdfe small)"
VII,B,GOVERNMENT,event,2,8 quarters after contract,3.1458681661219017,1.0521504358838951,4345,34,q_47;q_48;semi_to_f_x_with_c;semi_to_f_x_ca;police_data;scale;capital_usd_m,"sp.feols (HDFE firm + quarter FE, CRV1 place, reghdfe small)"
VII,B,GOVERNMENT,event,2,8 quarters after contract x public security,-0.05651592915786259,1.4285723509214217,4345,34,q_47;q_48;semi_to_f_x_with_c;semi_to_f_x_ca;police_data;scale;capital_usd_m,"sp.feols (HDFE firm + quarter FE, CRV1 place, reghdfe small)"
VII,B,GOVERNMENT,event,3,8 quarters before contract,0.042726653023363426,0.4976953155797656,7493,38,q_47;q_48;semi_to_f_x_with_c;semi_to_f_x_ca;police_data,"sp.feols (HDFE firm + quarter FE, CRV1 place, reghdfe small)"
VII,B,GOVERNMENT,event,3,8 quarters before contract x public security,-0.19879326083099805,0.45233750876615314,7493,38,q_47;q_48;semi_to_f_x_with_c;semi_to_f_x_ca;police_data,"sp.feols (HDFE firm + quarter FE, CRV1 place, reghdfe small)"
VII,B,GOVERNMENT,event,3,8 quarters after contract,3.210481986259046,0.8718935354502502,7493,38,q_47;q_48;semi_to_f_x_with_c;semi_to_f_x_ca;police_data,"sp.feols (HDFE firm + quarter FE, CRV1 place, reghdfe small)"
VII,B,GOVERNMENT,event,3,8 quarters after contract x public security,1.373374070405448,1.0932312856858775,7493,38,q_47;q_48;semi_to_f_x_with_c;semi_to_f_x_ca;police_data,"sp.feols (HDFE firm + quarter FE, CRV1 place, reghdfe small)"
VII,B,GOVERNMENT,event_hat_lasso,4,8 quarters before contract,0.3585116411384961,0.5621556809919855,14058,81,semi_to_f_x_with_c;semi_to_f_x_ca;police_data,"sp.feols (HDFE firm + quarter FE, CRV1 place, reghdfe small)"
VII,B,GOVERNMENT,event_hat_lasso,4,8 quarters before contract x public security,0.3797993279805074,0.5767977019339595,14058,81,semi_to_f_x_with_c;semi_to_f_x_ca;police_data,"sp.feols (HDFE firm + quarter FE, CRV1 place, reghdfe small)"
VII,B,GOVERNMENT,event_hat_lasso,4,8 quarters after contract,0.7180157707952041,0.4874596395409311,14058,81,semi_to_f_x_with_c;semi_to_f_x_ca;police_data,"sp.feols (HDFE firm + quarter FE, CRV1 place, reghdfe small)"
VII,B,GOVERNMENT,event_hat_lasso,4,8 quarters after contract x public security,2.3807069496597895,0.7663003238190544,14058,81,semi_to_f_x_with_c;semi_to_f_x_ca;police_data,"sp.feols (HDFE firm + quarter FE, CRV1 place, reghdfe small)"
VII,B,GOVERNMENT,event_hat_lasso,5,8 quarters before contract,-0.048168295895088725,0.735649545225415,9305,75,semi_to_f_x_with_c;semi_to_f_x_ca;police_data;scale;capital_usd_m,"sp.feols (HDFE firm + quarter FE, CRV1 place, reghdfe small)"
VII,B,GOVERNMENT,event_hat_lasso,5,8 quarters before contract x public security,0.7964026511433142,0.7882097414947453,9305,75,semi_to_f_x_with_c;semi_to_f_x_ca;police_data;scale;capital_usd_m,"sp.feols (HDFE firm + quarter FE, CRV1 place, reghdfe small)"
VII,B,GOVERNMENT,event_hat_lasso,5,8 quarters after contract,1.4892536816891762,0.7089701230804256,9305,75,semi_to_f_x_with_c;semi_to_f_x_ca;police_data;scale;capital_usd_m,"sp.feols (HDFE firm + quarter FE, CRV1 place, reghdfe small)"
VII,B,GOVERNMENT,event_hat_lasso,5,8 quarters after contract x public security,1.4120035753533335,0.9179837369309066,9305,75,semi_to_f_x_with_c;semi_to_f_x_ca;police_data;scale;capital_usd_m,"sp.feols (HDFE firm + quarter FE, CRV1 place, reghdfe small)"
VII,B,GOVERNMENT,event_hat_lasso,6,8 quarters before contract,-0.5952164510993145,0.5338772604775367,14058,81,semi_to_f_x_with_c;semi_to_f_x_ca;police_data,"sp.feols (HDFE firm + quarter FE, CRV1 place, reghdfe small)"
VII,B,GOVERNMENT,event_hat_lasso,6,8 quarters before contract x public security,0.2118417171867152,0.5584097703829184,14058,81,semi_to_f_x_with_c;semi_to_f_x_ca;police_data,"sp.feols (HDFE firm + quarter FE, CRV1 place, reghdfe small)"
VII,B,GOVERNMENT,event_hat_lasso,6,8 quarters after contract,2.0546007147629086,0.6426791371839817,14058,81,semi_to_f_x_with_c;semi_to_f_x_ca;police_data,"sp.feols (HDFE firm + quarter FE, CRV1 place, reghdfe small)"
VII,B,GOVERNMENT,event_hat_lasso,6,8 quarters after contract x public security,1.9371318540340803,0.7589972864250316,14058,81,semi_to_f_x_with_c;semi_to_f_x_ca;police_data,"sp.feols (HDFE firm + quarter FE, CRV1 place, reghdfe small)"
VII,C,BUSINESS,event,1,8 quarters before contract,2.211803607644949,1.4441131082271073,7520,38,q_47;q_48;semi_to_f_x_with_c;semi_to_f_x_ca;police_data,"sp.feols (HDFE firm + quarter FE, CRV1 place, reghdfe small)"
VII,C,BUSINESS,event,1,8 quarters before contract x public security,-0.6565606220708085,0.43848704876575384,7520,38,q_47;q_48;semi_to_f_x_with_c;semi_to_f_x_ca;police_data,"sp.feols (HDFE firm + quarter FE, CRV1 place, reghdfe small)"
VII,C,BUSINESS,event,1,8 quarters after contract,-0.4631425400381073,0.8941104821495406,7520,38,q_47;q_48;semi_to_f_x_with_c;semi_to_f_x_ca;police_data,"sp.feols (HDFE firm + quarter FE, CRV1 place, reghdfe small)"
VII,C,BUSINESS,event,1,8 quarters after contract x public security,5.552290017506473,2.230400513913158,7520,38,q_47;q_48;semi_to_f_x_with_c;semi_to_f_x_ca;police_data,"sp.feols (HDFE firm + quarter FE, CRV1 place, reghdfe small)"
VII,C,BUSINESS,event,2,8 quarters before contract,1.681659826913054,1.0117915447304333,4340,34,q_47;q_48;semi_to_f_x_with_c;semi_to_f_x_ca;police_data;scale;capital_usd_m,"sp.feols (HDFE firm + quarter FE, CRV1 place, reghdfe small)"
VII,C,BUSINESS,event,2,8 quarters before contract x public security,-0.9331425489039158,0.5476745739731058,4340,34,q_47;q_48;semi_to_f_x_with_c;semi_to_f_x_ca;police_data;scale;capital_usd_m,"sp.feols (HDFE firm + quarter FE, CRV1 place, reghdfe small)"
VII,C,BUSINESS,event,2,8 quarters after contract,0.813373375561474,0.6126361492893322,4340,34,q_47;q_48;semi_to_f_x_with_c;semi_to_f_x_ca;police_data;scale;capital_usd_m,"sp.feols (HDFE firm + quarter FE, CRV1 place, reghdfe small)"
VII,C,BUSINESS,event,2,8 quarters after contract x public security,1.9488838724336928,1.6069147875058265,4340,34,q_47;q_48;semi_to_f_x_with_c;semi_to_f_x_ca;police_data;scale;capital_usd_m,"sp.feols (HDFE firm + quarter FE, CRV1 place, reghdfe small)"
VII,C,BUSINESS,event,3,8 quarters before contract,0.26907345802446486,0.451919609934364,7520,38,q_47;q_48;semi_to_f_x_with_c;semi_to_f_x_ca;police_data,"sp.feols (HDFE firm + quarter FE, CRV1 place, reghdfe small)"
VII,C,BUSINESS,event,3,8 quarters before contract x public security,-0.7681831759196205,0.5221244947853331,7520,38,q_47;q_48;semi_to_f_x_with_c;semi_to_f_x_ca;police_data,"sp.feols (HDFE firm + quarter FE, CRV1 place, reghdfe small)"
VII,C,BUSINESS,event,3,8 quarters after contract,1.866519672160254,0.6658585426783982,7520,38,q_47;q_48;semi_to_f_x_with_c;semi_to_f_x_ca;police_data,"sp.feols (HDFE firm + quarter FE, CRV1 place, reghdfe small)"
VII,C,BUSINESS,event,3,8 quarters after contract x public security,4.566108724259829,1.5574491947046811,7520,38,q_47;q_48;semi_to_f_x_with_c;semi_to_f_x_ca;police_data,"sp.feols (HDFE firm + quarter FE, CRV1 place, reghdfe small)"
VII,C,BUSINESS,event_hat_lasso,4,8 quarters before contract,0.590793322876475,0.6557616005362953,14146,81,semi_to_f_x_with_c;semi_to_f_x_ca;police_data,"sp.feols (HDFE firm + quarter FE, CRV1 place, reghdfe small)"
VII,C,BUSINESS,event_hat_lasso,4,8 quarters before contract x public security,-0.014457858408051525,0.29387164289732426,14146,81,semi_to_f_x_with_c;semi_to_f_x_ca;police_data,"sp.feols (HDFE firm + quarter FE, CRV1 place, reghdfe small)"
VII,C,BUSINESS,event_hat_lasso,4,8 quarters after contract,0.5152069937893682,0.5214095473206445,14146,81,semi_to_f_x_with_c;semi_to_f_x_ca;police_data,"sp.feols (HDFE firm + quarter FE, CRV1 place, reghdfe small)"
VII,C,BUSINESS,event_hat_lasso,4,8 quarters after contract x public security,3.2205001559607935,1.0406692392315218,14146,81,semi_to_f_x_with_c;semi_to_f_x_ca;police_data,"sp.feols (HDFE firm + quarter FE, CRV1 place, reghdfe small)"
VII,C,BUSINESS,event_hat_lasso,5,8 quarters before contract,0.1372303778073986,0.43415926798821647,9347,75,semi_to_f_x_with_c;semi_to_f_x_ca;police_data;scale;capital_usd_m,"sp.feols (HDFE firm + quarter FE, CRV1 place, reghdfe small)"
VII,C,BUSINESS,event_hat_lasso,5,8 quarters before contract x public security,0.05132593164601666,0.3660357658553069,9347,75,semi_to_f_x_with_c;semi_to_f_x_ca;police_data;scale;capital_usd_m,"sp.feols (HDFE firm + quarter FE, CRV1 place, reghdfe small)"
VII,C,BUSINESS,event_hat_lasso,5,8 quarters after contract,1.175608476639477,0.41157241064371686,9347,75,semi_to_f_x_with_c;semi_to_f_x_ca;police_data;scale;capital_usd_m,"sp.feols (HDFE firm + quarter FE, CRV1 place, reghdfe small)"
VII,C,BUSINESS,event_hat_lasso,5,8 quarters after contract x public security,1.5641291688118417,0.6249351108707499,9347,75,semi_to_f_x_with_c;semi_to_f_x_ca;police_data;scale;capital_usd_m,"sp.feols (HDFE firm + quarter FE, CRV1 place, reghdfe small)"
VII,C,BUSINESS,event_hat_lasso,6,8 quarters before contract,-0.34504411953615477,0.22610499191301067,14146,81,semi_to_f_x_with_c;semi_to_f_x_ca;police_data,"sp.feols (HDFE firm + quarter FE, CRV1 place, reghdfe small)"
VII,C,BUSINESS,event_hat_lasso,6,8 quarters before contract x public security,-0.1339388791106809,0.3549925934960374,14146,81,semi_to_f_x_with_c;semi_to_f_x_ca;police_data,"sp.feols (HDFE firm + quarter FE, CRV1 place, reghdfe small)"
VII,C,BUSINESS,event_hat_lasso,6,8 quarters after contract,1.8139554433238074,0.45341990937344423,14146,81,semi_to_f_x_with_c;semi_to_f_x_ca;police_data,"sp.feols (HDFE firm + quarter FE, CRV1 place, reghdfe small)"
VII,C,BUSINESS,event_hat_lasso,6,8 quarters after contract x public security,2.823018177872182,0.8233151275372101,14146,81,semi_to_f_x_with_c;semi_to_f_x_ca;police_data,"sp.feols (HDFE firm + quarter FE, CRV1 place, reghdfe small)"
