row,column,stat,paper,Stata re-run,StatsPAI,abs diff Stata,abs diff StatsPAI,Stata,SP,MC
value of non-land assets (usd),(1) all HH,coef/value,1.0,1.0,0.9998601808474832,0.0,0.0,✅,✅,False
value of non-land assets (usd),(2) all HH+ctrl,coef/value,-11.99,-11.99,-11.987200911585452,0.0,0.0,✅,✅,False
value of non-land assets (usd),(3) thatched,coef/value,-18.73,-18.73,-18.72857788940113,0.0,0.0,✅,✅,False
value of non-land assets (usd),(4) thatched+ctrl,coef/value,-32.61,-32.61,-32.60568914794648,0.0,0.0,✅,✅,False
value of non-land assets (usd),(5) p(1)=(3),coef/value,0.01,0.01,0.0058860701025843,0.0,0.0,✅,✅,False
value of non-land assets (usd),(6) p(2)=(4),coef/value,0.0,0.0,0.0035474056415309,0.0,0.0,✅,✅,False
value of non-land assets (usd),(7) Lee lower,coef/value,-3.38,-3.38,-3.3798083800346603,0.0,0.0,✅,✅,False
value of non-land assets (usd),(8) Lee upper,coef/value,12.84,12.84,12.84185784161383,0.0,0.0,✅,✅,False
value of non-land assets (usd),(9) HM lower,coef/value,-2.38,-2.38,-2.384160074252111,0.0,0.0,✅,✅,False
value of non-land assets (usd),(10) HM upper,coef/value,7.39,7.39,7.390131773073461,0.0,0.0,✅,✅,False
value of non-land assets (usd),(1) all HH,(SE/SD),21.44,21.44,21.436720041948373,0.0,0.0,✅,✅,False
value of non-land assets (usd),(2) all HH+ctrl,(SE/SD),19.98,19.98,19.975137999857136,0.0,0.0,✅,✅,False
value of non-land assets (usd),(3) thatched,(SE/SD),21.14,21.14,21.14137602520957,0.0,0.0,✅,✅,False
value of non-land assets (usd),(4) thatched+ctrl,(SE/SD),19.76,19.76,19.763493377751203,0.0,0.0,✅,✅,False
value of non-land assets (usd),(7) Lee lower,(SE/SD),20.07,21.96,21.12398685243509,1.8900000000000006,1.0500000000000007,⚠️,⚠️,True
value of non-land assets (usd),(8) Lee upper,(SE/SD),20.94,21.28,21.421320234737255,0.33999999999999986,0.4800000000000004,⚠️,⚠️,True
value of non-land assets (usd),(9) HM lower,(SE/SD),19.92,19.92,19.91697991010125,0.0,0.0,✅,✅,False
value of non-land assets (usd),(10) HM upper,(SE/SD),20.06,20.06,20.062745510588066,0.0,0.0,✅,✅,False
non-durable expenditure (usd),(1) all HH,coef/value,-7.77,-7.77,-7.768141490587756,0.0,0.0,✅,✅,False
non-durable expenditure (usd),(2) all HH+ctrl,coef/value,-11.89,-11.89,-11.885144024290438,0.0,0.0,✅,✅,False
non-durable expenditure (usd),(3) thatched,coef/value,-7.31,-7.31,-7.308354040286267,0.0,0.0,✅,✅,False
non-durable expenditure (usd),(4) thatched+ctrl,coef/value,-12.21,-12.21,-12.205568622143296,0.0,0.0,✅,✅,False
non-durable expenditure (usd),(5) p(1)=(3),coef/value,0.82,0.82,0.8219439447232414,0.0,0.0,✅,✅,False
non-durable expenditure (usd),(6) p(2)=(4),coef/value,0.88,0.88,0.8799148071831018,0.0,0.0,✅,✅,False
non-durable expenditure (usd),(7) Lee lower,coef/value,-9.47,-9.47,-9.473233918691308,0.0,0.0,✅,✅,False
non-durable expenditure (usd),(8) Lee upper,coef/value,-4.08,-4.08,-4.078533353836008,0.0,0.0,✅,✅,False
non-durable expenditure (usd),(9) HM lower,coef/value,-8.93,-8.93,-8.925722034140698,0.0,0.0,✅,✅,False
non-durable expenditure (usd),(10) HM upper,coef/value,-5.86,-5.86,-5.864021422462848,0.0,0.0,✅,✅,False
non-durable expenditure (usd),(1) all HH,(SE/SD),7.2,7.2,7.199802847031754,0.0,0.0,✅,✅,False
non-durable expenditure (usd),(2) all HH+ctrl,(SE/SD),6.5,6.5,6.5045741516554525,0.0,0.0,✅,✅,False
non-durable expenditure (usd),(3) thatched,(SE/SD),7.27,7.27,7.272583474058614,0.0,0.0,✅,✅,False
non-durable expenditure (usd),(4) thatched+ctrl,(SE/SD),6.67,6.67,6.669590969914542,0.0,0.0,✅,✅,False
non-durable expenditure (usd),(7) Lee lower,(SE/SD),6.08,6.13,5.59035637955765,0.04999999999999982,0.4900000000000002,⚠️,⚠️,True
non-durable expenditure (usd),(8) Lee upper,(SE/SD),6.32,6.1,5.872467453391901,0.22000000000000064,0.4500000000000002,⚠️,⚠️,True
non-durable expenditure (usd),(9) HM lower,(SE/SD),5.79,5.79,5.786937903454745,0.0,0.0,✅,✅,False
non-durable expenditure (usd),(10) HM upper,(SE/SD),5.83,5.83,5.825973308050853,0.0,0.0,✅,✅,False
"total revenue, monthly (usd)",(1) all HH,coef/value,-3.68,-3.68,-3.6767548689509177,0.0,0.0,✅,✅,False
"total revenue, monthly (usd)",(2) all HH+ctrl,coef/value,-3.64,-3.64,-3.642962967006154,0.0,0.0,✅,✅,False
"total revenue, monthly (usd)",(3) thatched,coef/value,-5.23,-5.23,-5.23482749430896,0.0,0.0,✅,✅,False
"total revenue, monthly (usd)",(4) thatched+ctrl,coef/value,-5.78,-5.78,-5.778183095496777,0.0,0.0,✅,✅,False
"total revenue, monthly (usd)",(5) p(1)=(3),coef/value,0.56,0.56,0.5576359551725759,0.0,0.0,✅,✅,False
"total revenue, monthly (usd)",(6) p(2)=(4),coef/value,0.45,0.45,0.4541362343888978,0.0,0.0,✅,✅,False
"total revenue, monthly (usd)",(7) Lee lower,coef/value,-4.29,-4.29,-4.2932491162002435,0.0,0.0,✅,✅,False
"total revenue, monthly (usd)",(8) Lee upper,coef/value,2.32,2.32,2.3184262441236925,0.0,0.0,✅,✅,False
"total revenue, monthly (usd)",(9) HM lower,coef/value,-4.18,-4.18,-4.175169084954219,0.0,0.0,✅,✅,False
"total revenue, monthly (usd)",(10) HM upper,coef/value,-1.91,-1.91,-1.910435767925096,0.0,0.0,✅,✅,False
"total revenue, monthly (usd)",(1) all HH,(SE/SD),6.18,6.18,6.179157006535723,0.0,0.0,✅,✅,False
"total revenue, monthly (usd)",(2) all HH+ctrl,(SE/SD),6.35,6.35,6.346605303922812,0.0,0.0,✅,✅,False
"total revenue, monthly (usd)",(3) thatched,(SE/SD),5.84,5.84,5.844658627573746,0.0,0.0,✅,✅,False
"total revenue, monthly (usd)",(4) thatched+ctrl,(SE/SD),6.01,6.01,6.012754350156525,0.0,0.0,✅,✅,False
"total revenue, monthly (usd)",(7) Lee lower,(SE/SD),5.88,6.45,6.044699296978944,0.5700000000000003,0.16000000000000014,⚠️,⚠️,True
"total revenue, monthly (usd)",(8) Lee upper,(SE/SD),5.85,6.37,6.37337905680779,0.5200000000000005,0.5200000000000005,⚠️,⚠️,True
"total revenue, monthly (usd)",(9) HM lower,(SE/SD),6.18,6.18,6.175695724607185,0.0,0.0,✅,✅,False
"total revenue, monthly (usd)",(10) HM upper,(SE/SD),6.22,6.22,6.221632437060654,0.0,0.0,✅,✅,False
food security index,(1) all HH,coef/value,0.06,0.06,0.0552980882437409,0.0,0.0,✅,✅,False
food security index,(2) all HH+ctrl,coef/value,0.05,0.05,0.0504087287563188,0.0,0.0,✅,✅,False
food security index,(3) thatched,coef/value,0.06,0.06,0.0575882519906613,0.0,0.0,✅,✅,False
food security index,(4) thatched+ctrl,coef/value,0.05,0.05,0.0474265436956243,0.0,0.0,✅,✅,False
food security index,(5) p(1)=(3),coef/value,0.93,0.93,0.9275871673920584,0.0,0.0,✅,✅,False
food security index,(6) p(2)=(4),coef/value,0.9,0.9,0.898554255625808,0.0,0.0,✅,✅,False
food security index,(7) Lee lower,coef/value,-0.01,-0.01,-0.0050609576885888,0.0,0.0,✅,✅,False
food security index,(8) Lee upper,coef/value,0.08,0.08,0.0755501032123792,0.0,0.0,✅,✅,False
food security index,(9) HM lower,coef/value,0.03,0.03,0.0349306693241203,0.0,0.0,✅,✅,False
food security index,(10) HM upper,coef/value,0.07,0.07,0.0704007546291209,0.0,0.0,✅,✅,False
food security index,(1) all HH,(SE/SD),0.09,0.09,0.0932135253714725,0.0,0.0,✅,✅,False
food security index,(2) all HH+ctrl,(SE/SD),0.09,0.09,0.0931356173548734,0.0,0.0,✅,✅,False
food security index,(3) thatched,(SE/SD),0.1,0.1,0.0990851183057131,0.0,0.0,✅,✅,False
food security index,(4) thatched+ctrl,(SE/SD),0.1,0.1,0.0963993103692966,0.0,0.0,✅,✅,False
food security index,(7) Lee lower,(SE/SD),0.09,0.07,0.0693772531016706,0.01999999999999999,0.01999999999999999,⚠️,⚠️,True
food security index,(8) Lee upper,(SE/SD),0.08,0.07,0.06672300625875,0.009999999999999995,0.009999999999999995,⚠️,⚠️,True
food security index,(9) HM lower,(SE/SD),0.08,0.08,0.0763015602948342,0.0,0.0,✅,✅,False
food security index,(10) HM upper,(SE/SD),0.08,0.08,0.0760584779672948,0.0,0.0,✅,✅,False
health index,(1) all HH,coef/value,-0.06,-0.06,-0.0582288406832199,0.0,0.0,✅,✅,False
health index,(2) all HH+ctrl,coef/value,-0.07,-0.07,-0.0723867213240034,0.0,0.0,✅,✅,False
health index,(3) thatched,coef/value,-0.06,-0.06,-0.0635402132093165,0.0,0.0,✅,✅,False
health index,(4) thatched+ctrl,coef/value,-0.08,-0.08,-0.0807491917833507,0.0,0.0,✅,✅,False
health index,(5) p(1)=(3),coef/value,0.8,0.8,0.7954825616778607,0.0,0.0,✅,✅,False
health index,(6) p(2)=(4),coef/value,0.66,0.66,0.6587209432528258,0.0,0.0,✅,✅,False
health index,(7) Lee lower,coef/value,-0.1,-0.1,-0.0976269490186375,0.0,0.0,✅,✅,False
health index,(8) Lee upper,coef/value,-0.03,-0.03,-0.0316386326668252,0.0,0.0,✅,✅,False
health index,(9) HM lower,coef/value,-0.07,-0.07,-0.0748297288333599,0.0,0.0,✅,✅,False
health index,(10) HM upper,coef/value,-0.04,-0.04,-0.0356689817680371,0.0,0.0,✅,✅,False
health index,(1) all HH,(SE/SD),0.08,0.08,0.0774989753019842,0.0,0.0,✅,✅,False
health index,(2) all HH+ctrl,(SE/SD),0.08,0.08,0.0767079713366946,0.0,0.0,✅,✅,False
health index,(3) thatched,(SE/SD),0.08,0.08,0.0806028300889054,0.0,0.0,✅,✅,False
health index,(4) thatched+ctrl,(SE/SD),0.08,0.08,0.0795503855742404,0.0,0.0,✅,✅,False
health index,(7) Lee lower,(SE/SD),0.07,0.07,0.0687319588714446,0.0,0.0,✅,✅,True
health index,(8) Lee upper,(SE/SD),0.07,0.07,0.0726538533388308,0.0,0.0,✅,✅,True
health index,(9) HM lower,(SE/SD),0.07,0.07,0.0687709519029124,0.0,0.0,✅,✅,False
health index,(10) HM upper,(SE/SD),0.07,0.07,0.0691066221540062,0.0,0.0,✅,✅,False
education index,(1) all HH,coef/value,0.01,0.01,0.01285833350272,0.0,0.0,✅,✅,False
education index,(2) all HH+ctrl,coef/value,-0.01,-0.01,-0.0090171861699382,0.0,0.0,✅,✅,False
education index,(3) thatched,coef/value,-0.0,-0.0,-0.0042245429862799,0.0,0.0,✅,✅,False
education index,(4) thatched+ctrl,coef/value,-0.03,-0.03,-0.0283813164746272,0.0,0.0,✅,✅,False
education index,(5) p(1)=(3),coef/value,0.36,0.36,0.3594418953160361,0.0,0.0,✅,✅,False
education index,(6) p(2)=(4),coef/value,0.29,0.29,0.2895541716832947,0.0,0.0,✅,✅,False
education index,(7) Lee lower,coef/value,-0.1,-0.1,-0.0993663140515107,0.0,0.0,✅,✅,False
education index,(8) Lee upper,coef/value,0.1,0.1,0.1045685500967463,0.0,0.0,✅,✅,False
education index,(9) HM lower,coef/value,-0.01,-0.01,-0.0086504363544186,0.0,0.0,✅,✅,False
education index,(10) HM upper,coef/value,0.03,0.03,0.0324979326155837,0.0,0.0,✅,✅,False
education index,(1) all HH,(SE/SD),0.07,0.07,0.0715274222125952,0.0,0.0,✅,✅,False
education index,(2) all HH+ctrl,(SE/SD),0.06,0.06,0.0648351171936767,0.0,0.0,✅,✅,False
education index,(3) thatched,(SE/SD),0.08,0.08,0.0754713220494044,0.0,0.0,✅,✅,False
education index,(4) thatched+ctrl,(SE/SD),0.07,0.07,0.0693783341452794,0.0,0.0,✅,✅,False
education index,(7) Lee lower,(SE/SD),0.1,0.08,0.1074517118391283,0.020000000000000004,0.009999999999999995,⚠️,⚠️,True
education index,(8) Lee upper,(SE/SD),0.08,0.07,0.0676051356926732,0.009999999999999995,0.009999999999999995,⚠️,⚠️,True
education index,(9) HM lower,(SE/SD),0.07,0.07,0.0744731378306111,0.0,0.0,✅,✅,False
education index,(10) HM upper,(SE/SD),0.07,0.07,0.0743707981738315,0.0,0.0,✅,✅,False
psychological well-being index,(1) all HH,coef/value,0.03,0.03,0.0323180042975711,0.0,0.0,✅,✅,False
psychological well-being index,(2) all HH+ctrl,coef/value,0.03,0.03,0.0297086747843485,0.0,0.0,✅,✅,False
psychological well-being index,(3) thatched,coef/value,0.03,0.03,0.026405194548333,0.0,0.0,✅,✅,False
psychological well-being index,(4) thatched+ctrl,coef/value,0.02,0.02,0.0223472852837203,0.0,0.0,✅,✅,False
psychological well-being index,(5) p(1)=(3),coef/value,0.77,0.77,0.7697594421396328,0.0,0.0,✅,✅,False
psychological well-being index,(6) p(2)=(4),coef/value,0.71,0.71,0.7119739720097571,0.0,0.0,✅,✅,False
psychological well-being index,(7) Lee lower,coef/value,0.03,0.03,0.0291274658574004,0.0,0.0,✅,✅,False
psychological well-being index,(8) Lee upper,coef/value,0.04,0.04,0.0351796539631796,0.0,0.0,✅,✅,False
psychological well-being index,(9) HM lower,coef/value,0.01,0.01,0.0103573173282048,0.0,0.0,✅,✅,False
psychological well-being index,(10) HM upper,coef/value,0.05,0.05,0.0546489086503046,0.0,0.0,✅,✅,False
psychological well-being index,(1) all HH,(SE/SD),0.07,0.07,0.0730601857466079,0.0,0.0,✅,✅,False
psychological well-being index,(2) all HH+ctrl,(SE/SD),0.07,0.07,0.0731588901352355,0.0,0.0,✅,✅,False
psychological well-being index,(3) thatched,(SE/SD),0.07,0.07,0.073094091532871,0.0,0.0,✅,✅,False
psychological well-being index,(4) thatched+ctrl,(SE/SD),0.07,0.07,0.0731665659783615,0.0,0.0,✅,✅,False
psychological well-being index,(7) Lee lower,(SE/SD),0.06,0.06,0.0814654478683299,0.0,0.020000000000000004,✅,⚠️,True
psychological well-being index,(8) Lee upper,(SE/SD),0.06,0.06,0.0742614269323441,0.0,0.010000000000000009,✅,⚠️,True
psychological well-being index,(9) HM lower,(SE/SD),0.05,0.05,0.0531209290475159,0.0,0.0,✅,✅,False
psychological well-being index,(10) HM upper,(SE/SD),0.05,0.05,0.0531361741192593,0.0,0.0,✅,✅,False
female empowerment index,(1) all HH,coef/value,0.21,0.21,0.2145968354691958,0.0,0.0,✅,✅,False
female empowerment index,(2) all HH+ctrl,coef/value,0.21,0.21,0.206824837844163,0.0,0.0,✅,✅,False
female empowerment index,(3) thatched,coef/value,0.23,0.23,0.2299949856294261,0.0,0.0,✅,✅,False
female empowerment index,(4) thatched+ctrl,coef/value,0.22,0.22,0.2218209581521874,0.0,0.0,✅,✅,False
female empowerment index,(5) p(1)=(3),coef/value,0.5,0.5,0.496886181405138,0.0,0.0,✅,✅,False
female empowerment index,(6) p(2)=(4),coef/value,0.5,0.5,0.5002105462132822,0.0,0.0,✅,✅,False
female empowerment index,(7) Lee lower,coef/value,0.2,0.2,0.2010434462334165,0.0,0.0,✅,✅,False
female empowerment index,(8) Lee upper,coef/value,0.28,0.28,0.2770939698015736,0.0,0.0,✅,✅,False
female empowerment index,(9) HM lower,coef/value,0.18,0.18,0.1833110814390211,0.0,0.0,✅,✅,False
female empowerment index,(10) HM upper,coef/value,0.23,0.23,0.2300492099799008,0.0,0.0,✅,✅,False
female empowerment index,(1) all HH,(SE/SD),0.09,0.09,0.0861655762189093,0.0,0.0,✅,✅,False
female empowerment index,(2) all HH+ctrl,(SE/SD),0.08,0.08,0.0842405406385519,0.0,0.0,✅,✅,False
female empowerment index,(3) thatched,(SE/SD),0.09,0.09,0.0898136141241168,0.0,0.0,✅,✅,False
female empowerment index,(4) thatched+ctrl,(SE/SD),0.09,0.09,0.0884640769844055,0.0,0.0,✅,✅,False
female empowerment index,(7) Lee lower,(SE/SD),0.1,0.08,0.0987760025043893,0.020000000000000004,0.0,⚠️,✅,True
female empowerment index,(8) Lee upper,(SE/SD),0.11,0.11,0.1464590134001893,0.0,0.039999999999999994,✅,⚠️,True
female empowerment index,(9) HM lower,(SE/SD),0.08,0.08,0.08490381633178,0.0,0.0,✅,✅,False
female empowerment index,(10) HM upper,(SE/SD),0.08,0.08,0.0840375182953068,0.0,0.0,✅,✅,False
joint test (p-value),(1) all HH,coef/value,0.38,0.38,0.3795003462770697,0.0,0.0,✅,✅,False
joint test (p-value),(2) all HH+ctrl,coef/value,0.25,0.25,0.2457187909189845,0.0,0.0,✅,✅,False
joint test (p-value),(3) thatched,coef/value,0.23,0.23,0.2270161182966533,0.0,0.0,✅,✅,False
joint test (p-value),(4) thatched+ctrl,coef/value,0.11,0.11,0.1104071294519193,0.0,0.0,✅,✅,False
