py,gap,gap_se,provid,year,n_princeling,g_xi,g_insp,treat_xi
12006,-0.7981493871924956,0.028327495544895838,1,2006,3,2013,2014,0.0
12007,-0.7228331252572571,0.11114442193488909,1,2007,46,2013,2014,0.0
12008,-1.0272041661244518,0.06995968882598416,1,2008,56,2013,2014,0.0
12009,-1.0600225700890151,0.10721073816885865,1,2009,34,2013,2014,0.0
12010,-1.2699027255993858,0.14486866660604855,1,2010,28,2013,2014,0.0
12011,-0.5448543600001052,0.2704702002133943,1,2011,14,2013,2014,0.0
12012,-1.6606887397798142,0.20844456905340805,1,2012,14,2013,2014,0.0
12013,0.11200789742153239,0.5298380227248277,1,2013,9,2013,2014,1.0
12014,0.09569537290228314,0.39163021187670694,1,2014,6,2013,2014,1.0
12015,-1.3791838517343988,0.12206631046812758,1,2015,3,2013,2014,1.0
22007,-2.2713804351567317,0.25297662249642694,2,2007,10,2013,2014,0.0
22008,-1.2383419598456167,0.411865127536993,2,2008,8,2013,2014,0.0
22009,-1.9777333344892964,0.23274694876070037,2,2009,17,2013,2014,0.0
22010,-1.3334504021593254,0.1556451787378457,2,2010,33,2013,2014,0.0
22011,-1.1572016020378562,0.2273589510653638,2,2011,15,2013,2014,0.0
22012,-1.2006269725876666,0.4456635558248109,2,2012,7,2013,2014,0.0
22013,-0.9078442185973657,0.09786081761402209,2,2013,10,2013,2014,1.0
22015,-0.22363301522148982,0.11542355226579618,2,2015,3,2013,2014,1.0
32006,-0.3281532752031506,0.4799346045838593,3,2006,3,2014,2014,0.0
32007,-1.088976349476469,0.10046565004367607,3,2007,40,2014,2014,0.0
32008,-0.9036389129534097,0.0718935559346947,3,2008,64,2014,2014,0.0
32009,-0.6739040243760163,0.0822479074585666,3,2009,57,2014,2014,0.0
32010,-0.9074006366327689,0.08464512559878107,3,2010,82,2014,2014,0.0
32011,-0.8650521647767709,0.07957620976088361,3,2011,91,2014,2014,0.0
32012,-0.719585762166474,0.13017528498890832,3,2012,27,2014,2014,0.0
32013,-0.6619549992207584,0.06194576289751202,3,2013,84,2014,2014,0.0
32014,-0.8595621408668751,0.13250004855059275,3,2014,35,2014,2014,1.0
32015,-0.4630327776328344,0.11709305411815327,3,2015,32,2014,2014,1.0
32016,-0.03216960471089003,0.07872087205877146,3,2016,7,2014,2014,1.0
42007,-1.3974256239465876,0.2013105177751179,4,2007,14,2013,2013,0.0
42008,-1.021454341644287,0.18888622259053686,4,2008,9,2013,2013,0.0
42009,-0.8228747837159168,0.08407349096744289,4,2009,25,2013,2013,0.0
42010,-0.956033660554386,0.0537767785989328,4,2010,39,2013,2013,0.0
42011,-0.5947298630566523,0.08222361807436647,4,2011,35,2013,2013,0.0
42012,-1.0112043347066388,0.15266624584383304,4,2012,35,2013,2013,0.0
42013,-0.4340104956583635,0.09528745104193313,4,2013,37,2013,2013,1.0
42014,-0.23574408703404992,0.10895479756286724,4,2014,29,2013,2013,1.0
42015,-0.38956605814346684,0.16154765179772954,4,2015,12,2013,2013,1.0
42016,0.9650307647594841,0.29061638671199613,4,2016,3,2013,2013,1.0
52007,-0.9679988327296634,0.034107529622225866,5,2007,169,2013,2013,0.0
52008,-0.8969436608504788,0.03869618205281579,5,2008,159,2013,2013,0.0
52009,-0.6820762954952224,0.039199924884153525,5,2009,200,2013,2013,0.0
52010,-0.9781339576187562,0.04736098852384138,5,2010,229,2013,2013,0.0
52011,-0.596368581625809,0.0630882986621698,5,2011,150,2013,2013,0.0
52012,-0.6213318081270576,0.09051875481232359,5,2012,55,2013,2013,0.0
52013,0.09967057280581282,0.09940845917919544,5,2013,62,2013,2013,1.0
52014,-0.3038420398297569,0.12410165596225581,5,2014,18,2013,2013,1.0
52015,-0.28948349663938566,0.29958629380813645,5,2015,12,2013,2013,1.0
52016,-0.37547545242325975,0.3029383331406801,5,2016,10,2013,2013,1.0
62006,-1.2088865749793798,0.0,6,2006,3,2016,2014,0.0
62007,-0.9393728422723749,0.10093532889726366,6,2007,28,2016,2014,0.0
62008,-1.1169835980653327,0.07069396225745656,6,2008,61,2016,2014,0.0
62009,-0.9963041164162552,0.15081370350522957,6,2009,50,2016,2014,0.0
62010,-0.9637818025601129,0.09021918552939374,6,2010,90,2016,2014,0.0
62011,-0.6284986499445038,0.0634069680736609,6,2011,111,2016,2014,0.0
62012,-0.7016609759100529,0.07866224405091359,6,2012,55,2016,2014,0.0
62013,-0.5729616046915197,0.11135466638235443,6,2013,38,2016,2014,0.0
62014,-0.4186588645952632,0.24096321637408047,6,2014,15,2016,2014,0.0
62015,-0.5831188179051695,0.21648544113018886,6,2015,14,2016,2014,0.0
72007,-0.8155322687137433,0.0725441533694258,7,2007,34,2013,2013,0.0
72008,-0.6280318747285224,0.06464625470762594,7,2008,43,2013,2013,0.0
72009,-0.4854121718875617,0.06563943718306225,7,2009,59,2013,2013,0.0
72010,-0.6504552805345217,0.08787363242146597,7,2010,51,2013,2013,0.0
72011,-0.6429858011224318,0.0827990107676286,7,2011,102,2013,2013,0.0
72012,-0.4840469504086777,0.14719631661807084,7,2012,19,2013,2013,0.0
72013,-0.4353763339144204,0.16191730118043696,7,2013,31,2013,2013,1.0
72014,-0.39781144949377156,0.10473430060222072,7,2014,30,2013,2013,1.0
72015,-0.6822858317253002,0.03862341220158444,7,2015,63,2013,2013,1.0
72016,-0.819519667013821,0.17495915993733446,7,2016,14,2013,2013,1.0
82007,-0.8463145072666812,0.018265649456236332,8,2007,218,2014,2014,0.0
82008,-0.8937039877007875,0.021598011707780366,8,2008,196,2014,2014,0.0
82009,-0.868381558923016,0.03143609856202467,8,2009,102,2014,2014,0.0
82010,-0.8337694304734814,0.02477742662835951,8,2010,174,2014,2014,0.0
82011,-0.7354664479177571,0.03699544233081353,8,2011,228,2014,2014,0.0
82012,-0.4392703923970014,0.113789680364276,8,2012,44,2014,2014,0.0
82013,-0.27305157614817166,0.09287548112529917,8,2013,54,2014,2014,0.0
82014,-0.3463356824472735,0.14938426030367605,8,2014,23,2014,2014,1.0
82015,-0.25451192184528615,0.1377534799552143,8,2015,18,2014,2014,1.0
82016,-0.20689024596345917,0.2478253404356398,8,2016,6,2014,2014,1.0
92006,-0.40244120059706046,0.02538658356705033,9,2006,3,2013,2014,0.0
92007,-0.7230722118137347,0.36342036620909207,9,2007,6,2013,2014,0.0
92008,-0.7696549757955357,0.10780731714190657,9,2008,9,2013,2014,0.0
92009,-0.8134823461543853,0.11225500910691098,9,2009,8,2013,2014,0.0
92010,-1.09050960468396,0.1374828153794352,9,2010,11,2013,2014,0.0
92011,-0.8206507302429403,0.08269946306488904,9,2011,12,2013,2014,0.0
92012,-1.0058435997038313,0.06591679858835042,9,2012,11,2013,2014,0.0
92013,-0.42633812560537304,0.13062128567238931,9,2013,7,2013,2014,1.0
92015,-0.7794100302752456,0.3790148730980199,9,2015,3,2013,2014,1.0
102007,-0.855050511906207,0.11708275122840942,10,2007,15,0,2014,0.0
102008,-0.6037136684641905,0.18595257989304234,10,2008,11,0,2014,0.0
102009,-0.9153748072890472,0.061252518812858106,10,2009,98,0,2014,0.0
102010,-0.8930509530201154,0.05211866817475161,10,2010,121,0,2014,0.0
102011,-0.7647639288464593,0.05308987046705889,10,2011,122,0,2014,0.0
102012,-0.6898610711401274,0.022897520046563175,10,2012,267,0,2014,0.0
102013,-0.726582204263806,0.06795279421203082,10,2013,56,0,2014,0.0
102014,-0.6325459566746996,0.0754987396369533,10,2014,55,0,2014,0.0
102015,-0.4962187396113956,0.09059594016953879,10,2015,41,0,2014,0.0
102016,-0.7133581907796062,0.19721196806252564,10,2016,15,0,2014,0.0
112007,-0.9597136881462354,0.11560946203046821,11,2007,21,2013,2014,0.0
112008,-0.6570057609917914,0.19679993830588471,11,2008,15,2013,2014,0.0
112009,-0.8949806323031523,0.01651993788876573,11,2009,317,2013,2014,0.0
112010,-0.8158194528313275,0.047090494457311546,11,2010,111,2013,2014,0.0
112011,-0.7483174128933926,0.02235073225369164,11,2011,225,2013,2014,0.0
112012,-0.836778478683345,0.09769812941361537,11,2012,20,2013,2014,0.0
112013,-0.46016975823371525,0.08791272158415801,11,2013,53,2013,2014,1.0
112014,-0.4261526423044296,0.10038698592728416,11,2014,28,2013,2014,1.0
112015,-0.7483504547831431,0.04347404716843178,11,2015,72,2013,2014,1.0
112016,-0.14106418053821734,0.7859862380520877,11,2016,3,2013,2014,1.0
122007,-1.1651847478185378,0.13364147797827378,12,2007,39,2016,2013,0.0
122008,-0.9886046046843457,0.042303991728302036,12,2008,118,2016,2013,0.0
122009,-0.997707512899306,0.03215351831159546,12,2009,100,2016,2013,0.0
122010,-0.9290619557850355,0.042949123785992784,12,2010,142,2016,2013,0.0
122011,-1.0660129001179066,0.02973435747549696,12,2011,189,2016,2013,0.0
122012,-0.6663517631073785,0.053570894283860325,12,2012,67,2016,2013,0.0
122013,-0.7559380586265255,0.14695876943268887,12,2013,25,2016,2013,0.0
122014,-0.4842960238771003,0.16150800705921178,12,2014,15,2016,2013,0.0
122015,-0.8193821958339551,0.10489767406425725,12,2015,21,2016,2013,0.0
122016,-0.2302778821339293,0.16520589131444696,12,2016,7,2016,2013,1.0
132007,-0.5131331542707446,0.2954227304868245,13,2007,8,2013,2014,0.0
132008,-0.831314824010073,0.10902696299646457,13,2008,28,2013,2014,0.0
132009,-0.5674105137081404,0.08122806014672403,13,2009,18,2013,2014,0.0
132010,-0.610148464983522,0.12845480366938805,13,2010,35,2013,2014,0.0
132011,-0.5857626960489499,0.0879940288283376,13,2011,53,2013,2014,0.0
132012,-0.8577682177315744,0.15381935321521767,13,2012,26,2013,2014,0.0
132013,-0.5541281558439164,0.0680362944530556,13,2013,42,2013,2014,1.0
132014,-0.3193505476349761,0.1788535180887777,13,2014,12,2013,2014,1.0
132015,-0.29467157321697535,0.16616092284410716,13,2015,14,2013,2014,1.0
132016,-0.4670039800927376,0.11070862962618916,13,2016,7,2013,2014,1.0
142007,-1.2051149767961635,0.26410018855041634,14,2007,5,2014,2013,0.0
142008,-0.8193708565710216,0.12079973477644801,14,2008,25,2014,2013,0.0
142009,-0.3605478170786144,0.0988963019014266,14,2009,30,2014,2013,0.0
142010,-0.6311047602922326,0.07702964218370087,14,2010,20,2014,2013,0.0
142011,-0.7818451188925089,0.06242985218810394,14,2011,72,2014,2013,0.0
142012,-1.3145251121791814,0.10243424541982861,14,2012,57,2014,2013,0.0
142013,-1.2006968110666987,0.10297028583510186,14,2013,66,2014,2013,0.0
142014,-0.7548688638826409,0.2678745904037859,14,2014,15,2014,2013,1.0
142015,-0.19194120213166732,0.17981821504714016,14,2015,11,2014,2013,1.0
152006,-0.3394266522768529,0.39891888431894007,15,2006,3,0,2014,0.0
152007,-1.1343007314825542,0.05586645180754548,15,2007,64,0,2014,0.0
152008,-0.8865038757740878,0.04149222690287301,15,2008,93,0,2014,0.0
152009,-0.6382632315119283,0.06252696183052629,15,2009,75,0,2014,0.0
152010,-0.8210308328718721,0.053429615198130914,15,2010,164,0,2014,0.0
152011,-0.4904376136481853,0.0657322700892801,15,2011,113,0,2014,0.0
152012,-0.7741480666090472,0.06331435427740238,15,2012,91,0,2014,0.0
152013,-0.7890737915501002,0.04364624623979336,15,2013,156,0,2014,0.0
152014,-0.6049795424938994,0.11751971996059825,15,2014,42,0,2014,0.0
152015,-0.704946317236345,0.06191258675684817,15,2015,74,0,2014,0.0
152016,-0.2191647143791644,0.10177211031188663,15,2016,38,0,2014,0.0
162006,-0.7356294945949277,0.0,16,2006,3,2014,2014,0.0
162007,-0.8493218456203323,0.1457978072843202,16,2007,17,2014,2014,0.0
162008,-0.9340368744672555,0.08667798738417203,16,2008,38,2014,2014,0.0
162009,-0.8006106253217142,0.0703575784204757,16,2009,31,2014,2014,0.0
162010,-0.9111267315303484,0.07684047571695879,16,2010,77,2014,2014,0.0
162011,-0.6160363307135829,0.05621142454805034,16,2011,129,2014,2014,0.0
162012,-0.9156334579250704,0.048856351760245074,16,2012,109,2014,2014,0.0
162013,-0.8301674628598441,0.08060301340752976,16,2013,61,2014,2014,0.0
162014,-0.1637773460102946,0.14171259332215222,16,2014,12,2014,2014,1.0
162015,-0.0723941170352026,0.17915667305112284,16,2015,14,2014,2014,1.0
162016,-0.09701548062254672,0.1438570550453553,16,2016,11,2014,2014,1.0
172006,-0.5718066230362399,0.3217297177735485,17,2006,5,0,2013,0.0
172007,-0.8478590146118853,0.04625515880269068,17,2007,123,0,2013,0.0
172008,-0.7813531918150711,0.04637096612339385,17,2008,84,0,2013,0.0
172009,-0.7528911476488047,0.03996476575113851,17,2009,147,0,2013,0.0
172010,-0.8896724561226095,0.03664405510972608,17,2010,195,0,2013,0.0
172011,-0.71191943404237,0.03399143930118258,17,2011,160,0,2013,0.0
172012,-0.8188059041351994,0.03135485645740234,17,2012,115,0,2013,0.0
172013,-0.6095856588228447,0.07532214283261376,17,2013,44,0,2013,0.0
172014,-0.5765864573518303,0.08761425747294192,17,2014,35,0,2013,0.0
172015,-0.30592571193579465,0.1744779293015137,17,2015,13,0,2013,0.0
172016,-0.17679923147505017,0.18084615312684663,17,2016,9,0,2013,0.0
182006,-1.3687776445470514,0.1473547486193912,18,2006,5,2014,2013,0.0
182007,-1.0898320740393044,0.09039792325879352,18,2007,66,2014,2013,0.0
182008,-0.9899700247627018,0.049939679959524794,18,2008,132,2014,2013,0.0
182009,-1.0161624254575234,0.05574567250442147,18,2009,119,2014,2013,0.0
182010,-0.9522588207672509,0.03037612086562614,18,2010,313,2014,2013,0.0
182011,-0.9987839726654753,0.04163446606970083,18,2011,287,2014,2013,0.0
182012,-0.8883436796738419,0.0468909546288752,18,2012,128,2014,2013,0.0
182013,-0.7952112019501731,0.09606094644323647,18,2013,65,2014,2013,0.0
182014,-0.7525365507366154,0.06468990709388397,18,2014,67,2014,2013,1.0
182015,-0.6796176299447952,0.06573163450451641,18,2015,62,2014,2013,1.0
182016,-0.6612979271470253,0.0671069067488077,18,2016,32,2014,2013,1.0
192006,-0.43329930896665936,0.23741156608942185,19,2006,6,2013,2013,0.0
192007,-0.9041018982392978,0.09996788014136955,19,2007,49,2013,2013,0.0
192008,-0.8591185040523286,0.08675023281117045,19,2008,50,2013,2013,0.0
192009,-1.0851087183608998,0.0836748216277481,19,2009,59,2013,2013,0.0
192010,-0.7298647599023335,0.07039627376318972,19,2010,97,2013,2013,0.0
192011,-1.2293713819458671,0.04413417268489926,19,2011,174,2013,2013,0.0
192012,-1.0214272968661096,0.055636531262312355,19,2012,133,2013,2013,0.0
192013,-0.3537810215408702,0.07919739570703192,19,2013,72,2013,2013,1.0
192014,-0.43334917680808566,0.15191391032381507,19,2014,37,2013,2013,1.0
192015,-0.10891494770505838,0.11099610132788916,19,2015,24,2013,2013,1.0
192016,0.0262404623021687,0.07668138509560794,19,2016,6,2013,2013,1.0
202007,-1.0660722209077291,0.164043540646752,20,2007,20,2013,2014,0.0
202008,-0.7049591537416068,0.08250539729672962,20,2008,19,2013,2014,0.0
202009,-0.8076701719692012,0.07768652565476233,20,2009,44,2013,2014,0.0
202010,-1.034555764488551,0.10142105039552712,20,2010,87,2013,2014,0.0
202011,-1.0459882899806023,0.07829064928221083,20,2011,60,2013,2014,0.0
202012,-0.814661475208504,0.07571081799960927,20,2012,24,2013,2014,0.0
202013,-0.6323417334252103,0.236129994580953,20,2013,13,2013,2014,1.0
202014,-0.378753174670071,0.17182029768272208,20,2014,21,2013,2014,1.0
202015,0.13160938006060363,0.2891740075906703,20,2015,13,2013,2014,1.0
212007,-0.6336077483731355,0.09179733677177,21,2007,6,0,2014,0.0
212008,0.28589768945487803,0.2850816892974922,21,2008,4,0,2014,0.0
212009,-0.7324295516122787,0.10922349973122489,21,2009,5,0,2014,0.0
212010,-0.3561684602667545,0.2649818042405651,21,2010,10,0,2014,0.0
212011,-0.05814549891668774,0.17516348849076868,21,2011,11,0,2014,0.0
212012,-0.7082359583607544,0.09057616452202169,21,2012,7,0,2014,0.0
212013,-0.6026047476023919,0.3009715294066708,21,2013,6,0,2014,0.0
222007,-0.36178550833252604,0.16616485954617888,22,2007,14,2013,2013,0.0
222008,-0.8321910573141607,0.1274805181348435,22,2008,23,2013,2013,0.0
222009,-0.7985602491865827,0.16444670728740846,22,2009,21,2013,2013,0.0
222010,-0.6924286901934047,0.16438008272714766,22,2010,30,2013,2013,0.0
222011,-0.5427586429777547,0.2016264048824714,22,2011,22,2013,2013,0.0
222012,-0.9128802443970463,0.2008514241882484,22,2012,15,2013,2013,0.0
222013,-0.8070648526989878,0.2697764621017902,22,2013,10,2013,2013,1.0
222014,-0.038867168987053446,0.6090499129317799,22,2014,3,2013,2013,1.0
222015,-0.12150007628734216,0.25057634381332883,22,2015,3,2013,2013,1.0
222016,-0.13382841433919268,0.4000428490473019,22,2016,7,2013,2013,1.0
232006,-0.033255248566605444,0.01174458184251124,23,2006,4,2013,2014,0.0
232007,-0.5955000584971697,0.08714311761697698,23,2007,52,2013,2014,0.0
232008,-1.3574591453795737,0.060990207870939096,23,2008,100,2013,2014,0.0
232009,-1.1447550693363397,0.07248424973949501,23,2009,112,2013,2014,0.0
232010,-1.0897934357532404,0.06031621300735202,23,2010,156,2013,2014,0.0
232011,-0.3645043005509704,0.06996420517433147,23,2011,91,2013,2014,0.0
232012,-0.9747531449494882,0.06938513449037548,23,2012,120,2013,2014,0.0
232013,-0.4530028683394225,0.08369917412654988,23,2013,51,2013,2014,1.0
232014,-0.4329753572323083,0.1458854980049577,23,2014,23,2013,2014,1.0
232015,-0.682529815169595,0.08270590143672762,23,2015,58,2013,2014,1.0
232016,0.22012850316746324,0.3689451880189627,23,2016,5,2013,2014,1.0
242007,-0.9678938104064216,0.19471734228648743,24,2007,19,2013,2013,0.0
242008,-0.9820567305030198,0.09541419057116737,24,2008,38,2013,2013,0.0
242009,-0.6395744263297733,0.1571331344796172,24,2009,26,2013,2013,0.0
242010,-1.0028614036365158,0.12575949054862454,24,2010,20,2013,2013,0.0
242011,-0.980946519072441,0.08980744425808955,24,2011,27,2013,2013,0.0
242012,-0.7786951621799555,0.17187230993901187,24,2012,24,2013,2013,0.0
242013,-0.126980877513594,0.17951540933564447,24,2013,22,2013,2013,1.0
242014,-0.34210081799054776,0.16493385939020855,24,2014,14,2013,2013,1.0
242016,0.20392660864087564,0.16127647513941412,24,2016,5,2013,2013,1.0
252005,-0.8080881583339692,1.1837645307766308e-23,25,2005,5,2015,2013,0.0
252006,-0.8335750270891139,0.2714719983506527,25,2006,8,2015,2013,0.0
252007,-1.0219736326793214,0.12462125496817468,25,2007,32,2015,2013,0.0
252008,-0.7637218866105311,0.08440610834259517,25,2008,54,2015,2013,0.0
252009,-0.6623394392174575,0.06870717404042563,25,2009,43,2015,2013,0.0
252010,-0.8793464923962265,0.06217886752929127,25,2010,59,2015,2013,0.0
252011,-0.48358865259693323,0.08835480499670145,25,2011,49,2015,2013,0.0
252012,-0.5833268122598607,0.1043619609307556,25,2012,24,2015,2013,0.0
252013,-0.5054809794048509,0.10507686609882565,25,2013,34,2015,2013,0.0
252014,-0.38740319046948074,0.17027682173438558,25,2014,12,2015,2013,0.0
252015,-0.3241717554351763,0.16874253935576444,25,2015,6,2015,2013,1.0
252016,0.49609725157455264,0.10263225902939838,25,2016,9,2015,2013,1.0
272007,-0.6023904352883996,0.09123840901415713,27,2007,13,2013,2014,0.0
272008,-0.5064824565890287,0.07654897421646435,27,2008,7,2013,2014,0.0
272009,-0.859989423731336,0.13407883556632189,27,2009,13,2013,2014,0.0
272010,-1.1621202960548906,0.149869256462262,27,2010,14,2013,2014,0.0
272011,-1.105373972202608,0.12441121456023281,27,2011,25,2013,2014,0.0
272012,-0.6092753570352307,0.15058396163531215,27,2012,21,2013,2014,0.0
272013,-0.3421569209136304,0.11351761538700147,27,2013,21,2013,2014,1.0
272014,-0.6066797961998055,0.2498430550471604,27,2014,15,2013,2014,1.0
272015,-0.3229449514776703,0.15727755828594572,27,2015,9,2013,2014,1.0
282007,-1.0214733266319498,0.049619475678886214,28,2007,78,0,2014,0.0
282008,-0.9859575255006452,0.07580155154982093,28,2008,40,0,2014,0.0
282009,-0.6205092980582307,0.08933071029534348,28,2009,16,0,2014,0.0
282010,-0.8495528194549136,0.0668189517791948,28,2010,65,0,2014,0.0
282011,-0.8273828774795288,0.041307127338028354,28,2011,112,0,2014,0.0
282012,-0.7266539638460258,0.0355027880425431,28,2012,90,0,2014,0.0
282013,-0.8722198755119678,0.04711982477857735,28,2013,75,0,2014,0.0
282014,-0.7314454506517054,0.36691748115129497,28,2014,8,0,2014,0.0
282015,-0.4707273009475159,0.20695008630450706,28,2015,9,0,2014,0.0
292007,-1.5703461144155422,0.18695259067706063,29,2007,9,2014,2014,0.0
292008,-0.2783270185984378,0.17167584505484695,29,2008,8,2014,2014,0.0
292009,-1.0249889834538637,0.32212671015901495,29,2009,10,2014,2014,0.0
292010,-0.7731332361513753,0.12679824498759099,29,2010,20,2014,2014,0.0
292011,0.09778176363791824,0.10645266597899718,29,2011,24,2014,2014,0.0
292012,-0.5323255126886031,0.09655968247386602,29,2012,6,2014,2014,0.0
292013,-0.29740633897980095,0.11009392592482363,29,2013,7,2014,2014,0.0
292014,-0.06243981954676614,0.19766821566258436,29,2014,7,2014,2014,1.0
302007,-0.02244758713149153,0.0,30,2007,3,2014,2014,0.0
302008,-0.890289690397692,0.13252544233174868,30,2008,30,2014,2014,0.0
302009,-0.41148382884684126,0.12298908528305628,30,2009,13,2014,2014,0.0
302010,-0.4555331026049999,0.07891435443020897,30,2010,23,2014,2014,0.0
302011,-0.8868966785675231,0.14286776772662624,30,2011,12,2014,2014,0.0
302012,-0.9672059809401514,0.07514088254438984,30,2012,42,2014,2014,0.0
302013,-0.7547929037833017,0.20582617164775466,30,2013,15,2014,2014,0.0
302014,0.4273457700765958,0.40985570781701347,30,2014,6,2014,2014,1.0
312007,-0.9669128998219805,0.02175304256686375,31,2007,154,0,2014,0.0
312008,-1.0712507700532188,0.026438366608401168,31,2008,305,0,2014,0.0
312009,-0.8347724816720863,0.02594563403027625,31,2009,220,0,2014,0.0
312010,-0.7956034412518237,0.03233984466383289,31,2010,235,0,2014,0.0
312011,-0.7972031187592372,0.024638030000893537,31,2011,288,0,2014,0.0
312012,-0.9298918285490834,0.03512654229495544,31,2012,139,0,2014,0.0
312013,-0.867631171192967,0.06119873284274423,31,2013,115,0,2014,0.0
312014,-0.6532928458721712,0.05796689023417972,31,2014,62,0,2014,0.0
312015,-0.6099686715414414,0.12789616840359924,31,2015,25,0,2014,0.0
312016,-0.7859488297334826,0.08310750912895631,31,2016,21,0,2014,0.0
322007,-0.8215667702048571,0.07030219573236046,32,2007,22,0,0,0.0
322008,-0.840859348753877,0.021725660454864296,32,2008,104,0,0,0.0
322009,-0.8256656422656958,0.022034579119341854,32,2009,38,0,0,0.0
322010,-0.8260738554489675,0.024112463748980836,32,2010,84,0,0,0.0
322011,-0.7681329005567615,0.03696430672552958,32,2011,65,0,0,0.0
322012,-0.84291000556875,0.025331952462250906,32,2012,41,0,0,0.0
322013,-0.8141252321781207,0.06532156871484421,32,2013,15,0,0,0.0
