estimate,se,ci_lower,ci_upper,pvalue,tstat,nobs,r_squared,controls,se_type,subset,model,y_transform,spec_id,significant,outcome,N
-0.3821720020047304,0.21566619559484337,-0.8055415605615075,0.041197556552046655,0.07678472836940418,-1.772053338960407,765,0.013345162170942393,(none),cluster,Full Sample,OLS,Level,0,False,s_moral_god,765
-0.3821720020047304,0.12231451930944282,-0.622284940902241,-0.14205906310721983,0.0018484659218215573,-3.1245023416874624,765,0.013345162170942393,(none),hc1,Full Sample,OLS,Level,1,True,s_moral_god,765
-0.7388022225541621,0.18080436096738908,-1.0937360214104959,-0.38386842369782814,4.8499262455134446e-05,-4.08619691804567,765,0.162668459898612,small_scale,cluster,Full Sample,OLS,Level,2,True,s_moral_god,765
-0.7388022225541621,0.1178681400658672,-0.9701870547223108,-0.5074173903860133,6.116267116422691e-10,-6.268040050019486,765,0.162668459898612,small_scale,hc1,Full Sample,OLS,Level,3,True,s_moral_god,765
-0.7387011373962715,0.1787350996217125,-1.0895735398968487,-0.3878287348956943,3.979323189481029e-05,-4.132938292253231,765,0.1626687074462423,"small_scale, ln_time_obs_ea",cluster,Full Sample,OLS,Level,4,True,s_moral_god,765
-0.7387011373962715,0.11800828772738452,-0.9703615752035127,-0.5070406995890303,6.438210514768546e-10,-6.259739477813401,765,0.1626687074462423,"small_scale, ln_time_obs_ea",hc1,Full Sample,OLS,Level,5,True,s_moral_god,765
-0.4847891994941054,0.12917574453526015,-0.7383744517894819,-0.231203947198729,0.00018814194188163352,-3.7529429479059524,765,0.39784744028238495,"small_scale, ln_time_obs_ea, abslat, precip, tempmean, rugged",cluster,Full Sample,OLS,Level,6,True,s_moral_god,765
-0.4847891994941054,0.10882048007653163,-0.6984149772621505,-0.27116342172606034,9.657888588689587e-06,-4.454944502663113,765,0.39784744028238495,"small_scale, ln_time_obs_ea, abslat, precip, tempmean, rugged",hc1,Full Sample,OLS,Level,7,True,s_moral_god,765
-0.5412249847795713,0.1472723166842279,-0.8303368930625343,-0.25211307649660825,0.0002546795084463417,-3.674994710241654,765,0.39334716362397815,"small_scale, ln_time_obs_ea, cont_ssa, cont_mena, cont_eca, cont_sas, cont_eap, cont_nam",cluster,Full Sample,OLS,Level,8,True,s_moral_god,765
-0.5412249847795713,0.11711963879514921,-0.7711438387219514,-0.3113061308371912,4.487398060980455e-06,-4.621129217502227,765,0.39334716362397815,"small_scale, ln_time_obs_ea, cont_ssa, cont_mena, cont_eca, cont_sas, cont_eap, cont_nam",hc1,Full Sample,OLS,Level,9,True,s_moral_god,765
-0.42101184057696595,0.13056634112080234,-0.6773302560838184,-0.16469342507011353,0.0013164969497406229,-3.224505159315433,765,0.47733541803925694,"small_scale, ln_time_obs_ea, abslat, precip, tempmean, rugged, cont_ssa, cont_mena, cont_eca, cont_sas, cont_eap, cont_nam",cluster,Full Sample,OLS,Level,10,True,s_moral_god,765
-0.42101184057696595,0.10979618604872059,-0.6365557870115637,-0.2054678941423682,0.00013637861720610907,-3.8344851103493482,765,0.47733541803925694,"small_scale, ln_time_obs_ea, abslat, precip, tempmean, rugged, cont_ssa, cont_mena, cont_eca, cont_sas, cont_eap, cont_nam",hc1,Full Sample,OLS,Level,11,True,s_moral_god,765
-0.8262321425366781,0.1527247579935767,-1.126044631458571,-0.5264196536147852,8.454001632930225e-08,-5.40994239173342,765,0.3356335223746105,"small_scale, animalhusbandry, agriculture",cluster,Full Sample,OLS,Level,12,True,s_moral_god,765
-0.8262321425366781,0.10932946247044863,-1.0408557483382763,-0.6116085367350799,1.1857285035032247e-13,-7.5572688630021005,765,0.3356335223746105,"small_scale, animalhusbandry, agriculture",hc1,Full Sample,OLS,Level,13,True,s_moral_god,765
-0.38518703736264404,0.11693612841137743,-0.6147485926851651,-0.15562548204012297,0.0010341620672547802,-3.2939951287558347,765,0.5206257729608259,"small_scale, ln_time_obs_ea, animalhusbandry, agriculture, abslat, precip, tempmean, rugged, cont_ssa, cont_mena, cont_eca, cont_sas, cont_eap, cont_nam",cluster,Full Sample,OLS,Level,14,True,s_moral_god,765
-0.38518703736264404,0.10441194834494032,-0.5901619205056636,-0.1802121542196244,0.00024132935197929755,-3.6891087990248175,765,0.5206257729608259,"small_scale, ln_time_obs_ea, animalhusbandry, agriculture, abslat, precip, tempmean, rugged, cont_ssa, cont_mena, cont_eca, cont_sas, cont_eap, cont_nam",hc1,Full Sample,OLS,Level,15,True,s_moral_god,765
0.9304634523493867,0.12134668394285289,0.692373303958272,1.1685536007405013,3.75765966994565e-14,7.667811118658833,1132,0.0796197835057817,(none),cluster,Full Sample,OLS,Level,0,True,s_hierlocal_village,1132
0.9304634523493867,0.0824407737731188,0.7687092500642714,1.092217654634502,4.5614535311774655e-28,11.28644734594643,1132,0.0796197835057817,(none),hc1,Full Sample,OLS,Level,1,True,s_hierlocal_village,1132
0.8118538120908187,0.12128857944381341,0.5738774425260404,1.049830181655597,3.423655480759031e-11,6.693571775790381,1132,0.08565062334762485,small_scale,cluster,Full Sample,OLS,Level,2,True,s_hierlocal_village,1132
0.8118538120908187,0.0860569956072004,0.6430041851583778,0.9807034390232597,2.1726966972690844e-20,9.433908380864866,1132,0.08565062334762485,small_scale,hc1,Full Sample,OLS,Level,3,True,s_hierlocal_village,1132
0.8061714734471472,0.121627356321427,0.5675301737665918,1.0448127731277026,5.254282276104726e-11,6.628208470770852,1132,0.08763821506865188,"small_scale, ln_time_obs_ea",cluster,Full Sample,OLS,Level,4,True,s_hierlocal_village,1132
0.8061714734471472,0.08564345690532714,0.6381330774549592,0.9742098694393353,2.6145061947787862e-20,9.413112251392578,1132,0.08763821506865188,"small_scale, ln_time_obs_ea",hc1,Full Sample,OLS,Level,5,True,s_hierlocal_village,1132
0.8519766457092897,0.116849418512719,0.6227091146522434,1.0812441767663359,5.780326116237479e-13,7.291235648010969,1132,0.09796024825082061,"small_scale, ln_time_obs_ea, abslat, precip, tempmean, rugged",cluster,Full Sample,OLS,Level,6,True,s_hierlocal_village,1132
0.8519766457092897,0.09050806542743128,0.6743928719480358,1.0295604194705437,2.625913470614346e-20,9.413267664994988,1132,0.09796024825082061,"small_scale, ln_time_obs_ea, abslat, precip, tempmean, rugged",hc1,Full Sample,OLS,Level,7,True,s_hierlocal_village,1132
0.8567470580598567,0.11605025544001979,0.6290471087890339,1.0844470073306796,3.018604189129261e-13,7.382552109096078,1132,0.09390202606274412,"small_scale, ln_time_obs_ea, cont_ssa, cont_mena, cont_eca, cont_sas, cont_eap, cont_nam",cluster,Full Sample,OLS,Level,8,True,s_hierlocal_village,1132
0.8567470580598567,0.09822769982356729,0.6640163985536749,1.0494777175660386,9.695686163419435e-18,8.722051514987239,1132,0.09390202606274412,"small_scale, ln_time_obs_ea, cont_ssa, cont_mena, cont_eca, cont_sas, cont_eap, cont_nam",hc1,Full Sample,OLS,Level,9,True,s_hierlocal_village,1132
0.8700757216880844,0.12381876891563158,0.6271323845677632,1.1130190588084057,3.661327334415312e-12,7.027009954209302,1132,0.10257139824927797,"small_scale, ln_time_obs_ea, abslat, precip, tempmean, rugged, cont_ssa, cont_mena, cont_eca, cont_sas, cont_eap, cont_nam",cluster,Full Sample,OLS,Level,10,True,s_hierlocal_village,1132
0.8700757216880844,0.10005490993548384,0.6737591702647494,1.0663922731114195,1.207771591252754e-17,8.695982258632943,1132,0.10257139824927797,"small_scale, ln_time_obs_ea, abslat, precip, tempmean, rugged, cont_ssa, cont_mena, cont_eca, cont_sas, cont_eap, cont_nam",hc1,Full Sample,OLS,Level,11,True,s_hierlocal_village,1132
0.7779351883823384,0.11852433103887194,0.5453820176459541,1.0104883591187228,7.999378767510159e-11,6.563506257016563,1132,0.10654785729398919,"small_scale, animalhusbandry, agriculture",cluster,Full Sample,OLS,Level,12,True,s_hierlocal_village,1132
0.7779351883823384,0.08514812254433975,0.6108685134947812,0.9450018632698957,2.9230115225346925e-19,9.136257678227011,1132,0.10654785729398919,"small_scale, animalhusbandry, agriculture",hc1,Full Sample,OLS,Level,13,True,s_hierlocal_village,1132
0.8487607535625942,0.11692089482745328,0.6193512077733698,1.0781702993518185,7.278333822101774e-13,7.259273501243366,1132,0.1263895514614315,"small_scale, ln_time_obs_ea, animalhusbandry, agriculture, abslat, precip, tempmean, rugged, cont_ssa, cont_mena, cont_eca, cont_sas, cont_eap, cont_nam",cluster,Full Sample,OLS,Level,14,True,s_hierlocal_village,1132
0.8487607535625942,0.09946535302768908,0.6536005857113196,1.0439209214138687,4.5849970579303285e-17,8.533230192490413,1132,0.1263895514614315,"small_scale, ln_time_obs_ea, animalhusbandry, agriculture, abslat, precip, tempmean, rugged, cont_ssa, cont_mena, cont_eca, cont_sas, cont_eap, cont_nam",hc1,Full Sample,OLS,Level,15,True,s_hierlocal_village,1132
0.29979631282224,0.24686650206005156,-0.1845696588779862,0.7841622845224663,0.22484509347407164,1.2144066137791063,1137,0.008372179708413752,(none),cluster,Full Sample,OLS,Level,0,False,s_hierabovelocal,1137
0.29979631282224,0.11242107890395782,0.07921982849364784,0.5203727971508322,0.00776830131052622,2.666726878491873,1137,0.008372179708413752,(none),hc1,Full Sample,OLS,Level,1,True,s_hierabovelocal,1137
-0.35095361583841905,0.18908899774369697,-0.721957221362284,0.020049989685445913,0.0637094770406218,-1.8560234599906416,1137,0.2137653684317311,small_scale,cluster,Full Sample,OLS,Level,2,False,s_hierabovelocal,1137
-0.35095361583841905,0.11832509753277634,-0.5831143355653621,-0.118792896111476,0.0030800751968184416,-2.9660116336790177,1137,0.2137653684317311,small_scale,hc1,Full Sample,OLS,Level,3,True,s_hierabovelocal,1137
-0.33471323123675006,0.18121670766554324,-0.6902712813008169,0.020844818827316758,0.06500296320749714,-1.8470329560037186,1137,0.22486822876069057,"small_scale, ln_time_obs_ea",cluster,Full Sample,OLS,Level,4,False,s_hierabovelocal,1137
-0.33471323123675006,0.11565173904768089,-0.5616288801966969,-0.10779758227680325,0.0038747412792174,-2.8941478441474584,1137,0.22486822876069057,"small_scale, ln_time_obs_ea",hc1,Full Sample,OLS,Level,5,True,s_hierabovelocal,1137
-0.20077075253220722,0.15107080199219614,-0.4971818505119362,0.09564034544752176,0.18412160011266007,-1.3289844886279112,1137,0.2747777792269185,"small_scale, ln_time_obs_ea, abslat, precip, tempmean, rugged",cluster,Full Sample,OLS,Level,6,False,s_hierabovelocal,1137
-0.20077075253220722,0.11389838097346816,-0.4242470544863277,0.022705549421913274,0.078218552728479,-1.7627182302000883,1137,0.2747777792269185,"small_scale, ln_time_obs_ea, abslat, precip, tempmean, rugged",hc1,Full Sample,OLS,Level,7,False,s_hierabovelocal,1137
-0.37315936300875674,0.1227580961425408,-0.6140194821192124,-0.132299243898301,0.0024220095033801515,-3.039794316909754,1137,0.3132104011597969,"small_scale, ln_time_obs_ea, cont_ssa, cont_mena, cont_eca, cont_sas, cont_eap, cont_nam",cluster,Full Sample,OLS,Level,8,True,s_hierabovelocal,1137
-0.37315936300875674,0.11582054561816059,-0.6004075143700812,-0.14591121164743226,0.001309996533733999,-3.2218753677693397,1137,0.3132104011597969,"small_scale, ln_time_obs_ea, cont_ssa, cont_mena, cont_eca, cont_sas, cont_eap, cont_nam",hc1,Full Sample,OLS,Level,9,True,s_hierabovelocal,1137
-0.3301013945216042,0.11963102979510985,-0.5648268858032928,-0.0953759032399156,0.005886161603461822,-2.759329206535826,1137,0.32842054334400217,"small_scale, ln_time_obs_ea, abslat, precip, tempmean, rugged, cont_ssa, cont_mena, cont_eca, cont_sas, cont_eap, cont_nam",cluster,Full Sample,OLS,Level,10,True,s_hierabovelocal,1137
-0.3301013945216042,0.11547886013875691,-0.5566800023054113,-0.10352278673779719,0.004334547768277291,-2.8585439285161063,1137,0.32842054334400217,"small_scale, ln_time_obs_ea, abslat, precip, tempmean, rugged, cont_ssa, cont_mena, cont_eca, cont_sas, cont_eap, cont_nam",hc1,Full Sample,OLS,Level,11,True,s_hierabovelocal,1137
-0.434274100731439,0.18007656836602448,-0.7875954628808735,-0.08095273858200464,0.016040730851328712,-2.4116080435780596,1137,0.27391376887351304,"small_scale, animalhusbandry, agriculture",cluster,Full Sample,OLS,Level,12,True,s_hierabovelocal,1137
-0.434274100731439,0.11610705851139505,-0.6620833289983084,-0.20646487246456965,0.00019301428493986067,-3.740290265719015,1137,0.27391376887351304,"small_scale, animalhusbandry, agriculture",hc1,Full Sample,OLS,Level,13,True,s_hierabovelocal,1137
-0.30062103222123426,0.1179968208101484,-0.5321405225754542,-0.06910154186701431,0.010976028159570337,-2.5477045072673614,1137,0.3700647518836696,"small_scale, ln_time_obs_ea, animalhusbandry, agriculture, abslat, precip, tempmean, rugged, cont_ssa, cont_mena, cont_eca, cont_sas, cont_eap, cont_nam",cluster,Full Sample,OLS,Level,14,True,s_hierabovelocal,1137
-0.30062103222123426,0.1112947253877716,-0.5189904588208503,-0.08225160562161823,0.007014714351795329,-2.70112560297727,1137,0.3700647518836696,"small_scale, ln_time_obs_ea, animalhusbandry, agriculture, abslat, precip, tempmean, rugged, cont_ssa, cont_mena, cont_eca, cont_sas, cont_eap, cont_nam",hc1,Full Sample,OLS,Level,15,True,s_hierabovelocal,1137
0.8551646631605899,0.1828333682881951,0.4956256607181907,1.2147036656029893,4.099936607639619e-06,4.677289879671297,367,0.07343357540782025,(none),cluster,Full Sample,OLS,Level,0,True,s_sex_taboo,367
0.8551646631605899,0.1549785439095194,0.5504017437936339,1.159927582527546,6.512484022661556e-08,5.517955205850029,367,0.07343357540782025,(none),hc1,Full Sample,OLS,Level,1,True,s_sex_taboo,367
0.8287430249680727,0.20194816366261614,0.43161144236124693,1.2258746075748985,5.0208510276159866e-05,4.103741326178181,367,0.07373746237035639,small_scale,cluster,Full Sample,OLS,Level,2,True,s_sex_taboo,367
0.8287430249680727,0.17287155768757176,0.4887906627031353,1.1686953872330101,2.3867955290027714e-06,4.793981358494194,367,0.07373746237035639,small_scale,hc1,Full Sample,OLS,Level,3,True,s_sex_taboo,367
0.8155428972388333,0.20345410514027035,0.41544620007213956,1.2156395944055272,7.41875192641688e-05,4.008485828666674,367,0.07911851286302596,"small_scale, ln_time_obs_ea",cluster,Full Sample,OLS,Level,4,True,s_sex_taboo,367
0.8155428972388333,0.17277451812062636,0.4757782411903806,1.155307553287286,3.368497045813761e-06,4.7202730246913145,367,0.07911851286302596,"small_scale, ln_time_obs_ea",hc1,Full Sample,OLS,Level,5,True,s_sex_taboo,367
0.5634142270933986,0.21538070316682667,0.13984784193328514,0.9869806122535121,0.0092749081607184,2.615899283498006,367,0.1369094122125054,"small_scale, ln_time_obs_ea, abslat, precip, tempmean, rugged",cluster,Full Sample,OLS,Level,6,True,s_sex_taboo,367
0.5634142270933986,0.18380163897391216,0.20195103813546073,0.9248774160513364,0.0023388647105101125,3.0653384280940315,367,0.1369094122125054,"small_scale, ln_time_obs_ea, abslat, precip, tempmean, rugged",hc1,Full Sample,OLS,Level,7,True,s_sex_taboo,367
0.44324089438645103,0.20194000941023038,0.046099370470407464,0.8403824183024946,0.028813212528815593,2.1949137057136148,367,0.20236089045069872,"small_scale, ln_time_obs_ea, cont_ssa, cont_mena, cont_eca, cont_sas, cont_eap, cont_nam",cluster,Full Sample,OLS,Level,8,True,s_sex_taboo,367
0.44324089438645103,0.18034857771014787,0.0885617537987185,0.7979200349741835,0.014458020085930974,2.4576899913168027,367,0.20236089045069872,"small_scale, ln_time_obs_ea, cont_ssa, cont_mena, cont_eca, cont_sas, cont_eap, cont_nam",hc1,Full Sample,OLS,Level,9,True,s_sex_taboo,367
0.38271746376708726,0.20792482394090606,-0.026209744757683173,0.7916446722918578,0.06651156061066033,1.8406530615885417,367,0.2201062883469923,"small_scale, ln_time_obs_ea, abslat, precip, tempmean, rugged, cont_ssa, cont_mena, cont_eca, cont_sas, cont_eap, cont_nam",cluster,Full Sample,OLS,Level,10,False,s_sex_taboo,367
0.38271746376708726,0.1832005979938233,0.0224155636968269,0.7430193638373477,0.037417851673851074,2.089062306335871,367,0.2201062883469923,"small_scale, ln_time_obs_ea, abslat, precip, tempmean, rugged, cont_ssa, cont_mena, cont_eca, cont_sas, cont_eap, cont_nam",hc1,Full Sample,OLS,Level,11,True,s_sex_taboo,367
0.781078623331393,0.2120754755205536,0.36402396953874516,1.198133277124041,0.0002656385806468326,3.6830219119593277,367,0.08849295354080011,"small_scale, animalhusbandry, agriculture",cluster,Full Sample,OLS,Level,12,True,s_sex_taboo,367
0.781078623331393,0.1785701375060377,0.4299135171705519,1.132243729492234,1.5967019589528684e-05,4.374071915047854,367,0.08849295354080011,"small_scale, animalhusbandry, agriculture",hc1,Full Sample,OLS,Level,13,True,s_sex_taboo,367
0.3814562740404828,0.20671754545014936,-0.025104540843564394,0.78801708892453,0.06583577328344274,1.8453018741579064,367,0.22093767770925232,"small_scale, ln_time_obs_ea, animalhusbandry, agriculture, abslat, precip, tempmean, rugged, cont_ssa, cont_mena, cont_eca, cont_sas, cont_eap, cont_nam",cluster,Full Sample,OLS,Level,14,False,s_sex_taboo,367
0.3814562740404828,0.18406768917988062,0.019441963432085874,0.7434705846488798,0.03896062873649637,2.0723695491591885,367,0.22093767770925232,"small_scale, ln_time_obs_ea, animalhusbandry, agriculture, abslat, precip, tempmean, rugged, cont_ssa, cont_mena, cont_eca, cont_sas, cont_eap, cont_nam",hc1,Full Sample,OLS,Level,15,True,s_sex_taboo,367
1.478213061945179,0.34928309782973227,0.780646546508828,2.17577957738153,7.418693061330519e-05,4.232134538230003,67,0.23311464229995849,(none),hc1,Full Sample,OLS,Level,0,True,s_diff_trust_out_in,67
1.6163142717466887,0.3288116863202349,0.9594374152985483,2.273191128194829,6.467961421729641e-06,4.915622950738237,67,0.30000358179984543,small_scale,hc1,Full Sample,OLS,Level,1,True,s_diff_trust_out_in,67
1.601611365536518,0.3170854561141032,0.9679666431400245,2.2352560879330117,4.017637082363994e-06,5.0510401365119,67,0.32564421015559053,"small_scale, ln_time_obs_ea",hc1,Full Sample,OLS,Level,2,True,s_diff_trust_out_in,67
1.46399686834416,0.3593839790294081,0.7443428637152066,2.1836508729731134,0.00014469071949665952,4.073628636140072,67,0.5796076494281959,"small_scale, ln_time_obs_ea, cont_ssa, cont_mena, cont_eca, cont_sas, cont_eap, cont_nam",hc1,Full Sample,OLS,Level,3,True,s_diff_trust_out_in,67
1.8205084171781691,0.33346047203401036,1.1539304315256769,2.4870864028306614,8.919513553303984e-07,5.459442932092088,67,0.3812755068067386,"small_scale, ln_time_obs_ea, malariaindex",hc1,Full Sample,OLS,Level,4,True,s_diff_trust_out_in,67
1.025452891761594,0.3987417325830602,0.22837952567551623,1.8225262578476715,0.012530693157597347,2.5717220144444903,67,0.3728683142752819,"small_scale, ln_time_obs_ea, lngdp",hc1,Full Sample,OLS,Level,5,True,s_diff_trust_out_in,67
0.743771899148284,0.30720246192540135,0.12948261091374158,1.3580611873828263,0.018463346485984015,2.421113081212532,67,0.49744151920470103,"small_scale, ln_time_obs_ea, cath00, muslim00",hc1,Full Sample,OLS,Level,6,True,s_diff_trust_out_in,67
0.7102831764727529,0.3554639623658802,-0.002379159371859174,1.4229455123173649,0.05074277190661878,1.9981861782704604,67,0.688907512583167,"small_scale, ln_time_obs_ea, lngdp, cath00, muslim00, cont_ssa, cont_mena, cont_eca, cont_sas, cont_eap, cont_nam",hc1,Full Sample,OLS,Level,7,False,s_diff_trust_out_in,67
1.20134594721147,0.3542437743861286,0.4953391229955416,1.9073527714273983,0.0011259391865294497,3.3912972762705302,75,0.13120267852653666,(none),hc1,Full Sample,OLS,Level,0,True,s_religion_hell,75
1.1046054124100826,0.3500672274244831,0.40675914865704,1.802451676163125,0.0023397292020195383,3.1554093781839927,75,0.1630438947803151,small_scale,hc1,Full Sample,OLS,Level,1,True,s_religion_hell,75
1.109526282066047,0.35693138633320926,0.39782531151099976,1.8212272526210942,0.0027048385738745124,3.108514197824736,75,0.16350293075910183,"small_scale, ln_time_obs_ea",hc1,Full Sample,OLS,Level,2,True,s_religion_hell,75
0.5467720782480171,0.38442820077656353,-0.22098405457779013,1.3145282110738243,0.15972052159030947,1.4222996053450583,75,0.48550929565149925,"small_scale, ln_time_obs_ea, cont_ssa, cont_mena, cont_eca, cont_sas, cont_eap, cont_nam",hc1,Full Sample,OLS,Level,3,False,s_religion_hell,75
0.9642482804893231,0.3690776252662275,0.2281461675339802,1.700350393444666,0.01098949680977159,2.6125893700377527,75,0.19808013537375013,"small_scale, ln_time_obs_ea, malariaindex",hc1,Full Sample,OLS,Level,4,True,s_religion_hell,75
0.3451049822398496,0.37189323570556193,-0.3966126886679923,1.0868226531476914,0.3566129904257379,0.9279678926805721,75,0.2821526058407354,"small_scale, ln_time_obs_ea, lngdp",hc1,Full Sample,OLS,Level,5,False,s_religion_hell,75
0.028932910113978028,0.319210067783259,-0.607873751066305,0.6657395712942611,0.9280419794699123,0.09063909016059993,75,0.5910847943367927,"small_scale, ln_time_obs_ea, cath00, muslim00",hc1,Full Sample,OLS,Level,6,False,s_religion_hell,75
-0.4760973007222479,0.39909729173821756,-1.2738814194321055,0.3216868179876098,0.23743996575864287,-1.1929354334845685,75,0.722863182813148,"small_scale, ln_time_obs_ea, lngdp, cath00, muslim00, cont_ssa, cont_mena, cont_eca, cont_sas, cont_eap, cont_nam",hc1,Full Sample,OLS,Level,7,False,s_religion_hell,75
1.2031972910060855,0.36153791230964855,0.4824846348498065,1.9239099471623646,0.0013805135825649248,3.3279975627440583,74,0.14094469667687148,(none),hc1,Full Sample,OLS,Level,0,True,s_gps_punish_revenge,74
1.1970030472889515,0.3849177381766476,0.4294988760854862,1.9645072184924168,0.002694808616427603,3.1097632781465094,74,0.14104021571474923,small_scale,hc1,Full Sample,OLS,Level,1,True,s_gps_punish_revenge,74
1.18805831682903,0.3908819969200709,0.40846875584841,1.9676478778096498,0.0033317697582022246,3.0394296135157353,74,0.1490624626890783,"small_scale, ln_time_obs_ea",hc1,Full Sample,OLS,Level,2,True,s_gps_punish_revenge,74
0.8309988841511282,0.4903551079924327,-0.14859805623150912,1.8105958245337654,0.09499571812277004,1.6946879324931035,74,0.29022980491870043,"small_scale, ln_time_obs_ea, cont_ssa, cont_mena, cont_eca, cont_sas, cont_eap, cont_nam",hc1,Full Sample,OLS,Level,3,False,s_gps_punish_revenge,74
1.185030875585599,0.4446722994589003,0.2979339105548733,2.0721278406163246,0.009580023372695163,2.6649532184208558,74,0.14906926139540855,"small_scale, ln_time_obs_ea, malariaindex",hc1,Full Sample,OLS,Level,4,True,s_gps_punish_revenge,74
0.42527507641797807,0.4744269044362122,-0.5211807013905629,1.3717308542265192,0.37315733559592845,0.8963974691177264,74,0.26137563993755386,"small_scale, ln_time_obs_ea, lngdp",hc1,Full Sample,OLS,Level,5,False,s_gps_punish_revenge,74
0.949546792808034,0.44404726232190933,0.06346427675818611,1.835629308857882,0.03608066467460893,2.13839127808802,74,0.1858258128595821,"small_scale, ln_time_obs_ea, cath00, muslim00",hc1,Full Sample,OLS,Level,6,True,s_gps_punish_revenge,74
0.38700747859320944,0.5064863447802823,-0.6257745619073216,1.3997895190937404,0.44775179853578206,0.7641024927554488,74,0.3996655144153711,"small_scale, ln_time_obs_ea, lngdp, cath00, muslim00, cont_ssa, cont_mena, cont_eca, cont_sas, cont_eap, cont_nam",hc1,Full Sample,OLS,Level,7,False,s_gps_punish_revenge,74
0.9476471086268191,0.47792612604059936,-0.008680860648050959,1.903975077901689,0.05204804659218936,1.9828317746042563,61,0.06870158017133476,(none),hc1,Full Sample,OLS,Level,0,False,s_values_uniform,61
0.944867360854543,0.4853449559515792,-0.026656123315432323,1.9163908450245184,0.05640755757485368,1.9467954683942537,61,0.06894787161364235,small_scale,hc1,Full Sample,OLS,Level,1,False,s_values_uniform,61
0.9362827314240925,0.49021135768951335,-0.045348580101306935,1.9179140429494919,0.0611750514642958,1.9099572393365654,61,0.07028285257892353,"small_scale, ln_time_obs_ea",hc1,Full Sample,OLS,Level,2,False,s_values_uniform,61
0.6146109510404398,0.5565853839951189,-0.502780832663168,1.7320027347440476,0.27466632267806057,1.104252768243425,61,0.24565317868001468,"small_scale, ln_time_obs_ea, cont_ssa, cont_mena, cont_eca, cont_sas, cont_eap, cont_nam",hc1,Full Sample,OLS,Level,3,False,s_values_uniform,61
0.7307239531529579,0.4829651401790619,-0.23677148143780924,1.698219387743725,0.13590446369248713,1.5129952295978093,61,0.1509910072819337,"small_scale, ln_time_obs_ea, malariaindex",hc1,Full Sample,OLS,Level,4,False,s_values_uniform,61
-0.049540938350270416,0.49944036792477364,-1.0500402200135397,0.9509583433129988,0.9213393459337804,-0.09919289975721854,61,0.2458957517359166,"small_scale, ln_time_obs_ea, lngdp",hc1,Full Sample,OLS,Level,5,False,s_values_uniform,61
0.9352602102384197,0.47808064632435154,-0.022834815019400212,1.8933552354962395,0.05551769216743884,1.9562812622285002,61,0.12164343193389082,"small_scale, ln_time_obs_ea, cath00, muslim00",hc1,Full Sample,OLS,Level,6,False,s_values_uniform,61
-0.11975742504268663,0.4012987260850328,-0.9266225918995795,0.6871077418142063,0.7666671787353521,-0.29842463296858496,61,0.5117923132476172,"small_scale, ln_time_obs_ea, lngdp, cath00, muslim00, cont_ssa, cont_mena, cont_eca, cont_sas, cont_eap, cont_nam",hc1,Full Sample,OLS,Level,7,False,s_values_uniform,61
